Player,season,Date(M/D/Y),home,Team,Opponent,W/L,Status,Pos,MIN,PTS,FGM,FGA,FG%,3PM,3PA,3P%,FTM,FTA,FT%,ORB,DRB,REB,AST,STL,BLK,TOV,PF,TS%,FP,2PM,2PA,2P%,USG_Proxy_per_MIN,rest_days
Assem Marei,25-26,4-5-2026,1,Changwon LG Sakers,Jeonju KCC Egis,L,Starter,C,26.85,4,2,13,0.154,0,0,0,0,0,0,2,4,6,6,3,0,4,4,0.153846154,25.2,2,13,0.154,0.633,2
Assem Marei,25-26,4-3-2026,0,Changwon LG Sakers,Suwon KT Sonicboom,W,Starter,C,23.03,21,10,16,0.625,0,0,0,1,5,0.2,3,12,15,8,1,2,3,3,0.576923077,57,10,16,0.625,0.921,3
Assem Marei,25-26,3/31/2026,0,Changwon LG Sakers,Anyang KGC,L,Starter,PF,37.57,25,11,18,0.611,1,3,0.333,2,6,0.333,5,12,17,6,0,0,6,2,0.605620155,48.4,10,15,0.667,0.709,2
Assem Marei,25-26,3/29/2026,1,Changwon LG Sakers,Seoul SK,W,Starter,C,34.50,11,5,11,0.455,0,0,0,1,4,0.25,4,7,11,7,1,0,5,4,0.431034483,32.7,5,11,0.455,0.515,3
Assem Marei,25-26,3/26/2026,0,Changwon LG Sakers,Korea Gas Corporation,W,Starter,C,30.27,17,7,12,0.583,0,0,0,3,3,1,1,11,12,8,1,2,2,2,0.638138138,50.4,7,12,0.583,0.506,11
Assem Marei,25-26,3/15/2026,0,Changwon LG Sakers,Wonju Dongbu Promy,W,Starter,C,36.20,28,11,15,0.733,1,1,1,5,11,0.455,5,12,17,5,5,0,2,3,0.705645161,68.9,10,14,0.714,0.603,2
Assem Marei,25-26,3/13/2026,1,Changwon LG Sakers,Seoul Samsung Thunders,W,Starter,C,27.50,8,2,9,0.222,0,0,0,4,7,0.571,7,8,15,9,1,1,1,4,0.331125828,44.5,2,9,0.222,0.476,2
Assem Marei,25-26,3-11-2026,1,Changwon LG Sakers,Goyang Sono Skygunners,L,Starter,C,32.93,14,6,11,0.545,0,0,0,2,6,0.333,5,4,9,3,1,1,2,4,0.513196481,33.3,6,11,0.545,0.475,3
Assem Marei,25-26,3-8-2026,1,Changwon LG Sakers,Seoul SK,L,Starter,C,37.62,16,5,12,0.417,0,0,0,6,9,0.667,5,10,15,5,1,0,3,4,0.501253133,41.5,5,12,0.417,0.504,2
Assem Marei,25-26,3-6-2026,1,Changwon LG Sakers,Ulsan Mobis Phoebus,W,Starter,C,32.33,25,12,18,0.667,0,0,0,1,4,0.25,6,13,19,3,2,0,6,3,0.632591093,52.3,12,18,0.667,0.797,16
Assem Marei,25-26,2/18/2026,0,Changwon LG Sakers,Jeonju KCC Egis,W,Starter,PF,29.08,24,10,17,0.588,0,0,0,4,4,1,6,7,13,8,3,1,2,3,0.639658849,61.6,10,17,0.588,0.714,2
Assem Marei,25-26,2/16/2026,1,Changwon LG Sakers,Goyang Sono Skygunners,L,Starter,C,25.73,17,8,17,0.471,0,0,0,1,4,0.25,6,7,13,5,3,0,1,3,0.453091684,48.1,8,17,0.471,0.768,6
Assem Marei,25-26,2-10-2026,0,Changwon LG Sakers,Korea Gas Corporation,L,Starter,C,35.33,18,7,15,0.467,0,0,0,4,7,0.571,5,14,19,10,7,0,2,2,0.497787611,74.8,7,15,0.467,0.568,2
Assem Marei,25-26,2-8-2026,0,Changwon LG Sakers,Anyang KGC,W,Starter,C,29.83,15,4,12,0.333,0,0,0,7,10,0.7,6,16,22,5,1,1,4,3,0.457317073,50.9,4,12,0.333,0.684,3
Assem Marei,25-26,2-5-2026,0,Changwon LG Sakers,Seoul Samsung Thunders,W,Bench,PF,20.55,22,10,18,0.556,0,0,0,2,2,1,4,9,13,5,1,1,1,1,0.582627119,50.1,10,18,0.556,0.967,2
Assem Marei,25-26,2-3-2026,1,Changwon LG Sakers,Suwon KT Sonicboom,W,Starter,C,26.85,13,5,9,0.556,0,0,0,3,6,0.5,2,11,13,6,0,0,3,4,0.558419244,34.6,5,9,0.556,0.545,3
Assem Marei,25-26,1/31/2026,1,Changwon LG Sakers,Ulsan Mobis Phoebus,W,Starter,C,33.13,22,8,14,0.571,0,1,0,6,8,0.75,4,9,13,4,3,1,4,5,0.627853881,51.6,8,13,0.615,0.65,3
Assem Marei,25-26,1/28/2026,1,Changwon LG Sakers,Wonju Dongbu Promy,L,Starter,C,35.63,16,6,10,0.6,0,0,0,4,13,0.308,3,14,17,9,3,1,5,5,0.508905852,56.9,6,10,0.6,0.582,3
Assem Marei,25-26,1/25/2026,1,Changwon LG Sakers,Anyang KGC,W,Starter,C,33.27,15,5,11,0.455,0,0,0,5,7,0.714,3,9,12,9,4,0,4,0,0.532670455,50.9,5,11,0.455,0.543,2
Assem Marei,25-26,1/23/2026,0,Changwon LG Sakers,Jeonju KCC Egis,W,Starter,C,31.52,29,11,16,0.688,0,0,0,7,10,0.7,4,17,21,7,2,1,4,3,0.710784314,69.7,11,16,0.688,0.774,8
Assem Marei,25-26,1/15/2026,0,Changwon LG Sakers,Seoul SK,L,Starter,C,28.90,16,6,9,0.667,0,0,0,4,6,0.667,3,7,10,7,0,0,3,4,0.687285223,35.5,6,9,0.667,0.507,3
Assem Marei,25-26,1-12-2026,0,Changwon LG Sakers,Korea Gas Corporation,L,Bench,PF,16.38,8,3,12,0.25,0,0,0,2,4,0.5,6,4,10,2,1,0,3,3,0.290697674,23,3,12,0.25,1.023,2
Assem Marei,25-26,1-10-2026,1,Changwon LG Sakers,Goyang Sono Skygunners,W,Starter,PF,25.47,6,2,8,0.25,0,0,0,2,6,0.333,1,5,6,9,1,0,3,3,0.281954887,26.7,2,8,0.25,0.536,3
Assem Marei,25-26,1-7-2026,1,Changwon LG Sakers,Seoul Samsung Thunders,W,Starter,C,26.18,13,5,10,0.5,0,0,0,3,6,0.5,6,10,16,4,1,0,2,4,0.514240506,39.2,5,10,0.5,0.559,3
Assem Marei,25-26,1-4-2026,0,Changwon LG Sakers,Suwon KT Sonicboom,L,Starter,C,35.35,19,9,21,0.429,0,0,0,1,4,0.25,8,13,21,10,1,0,3,2,0.417398946,59.2,9,21,0.429,0.729,2
Assem Marei,25-26,1-2-2026,0,Changwon LG Sakers,Seoul Samsung Thunders,W,Starter,C,23.25,16,7,12,0.583,0,0,0,2,4,0.5,5,8,13,1,0,0,0,4,0.581395349,33.1,7,12,0.583,0.592,2
Assem Marei,25-26,12/31/2025,0,Changwon LG Sakers,Ulsan Mobis Phoebus,W,Starter,C,25.87,11,5,13,0.385,0,0,0,1,1,1,3,6,9,3,2,0,4,5,0.40922619,28.3,5,13,0.385,0.674,3
Assem Marei,25-26,12/28/2025,1,Changwon LG Sakers,Anyang KGC,L,Bench,PF,13.32,12,6,6,1,0,0,0,0,0,0,0,6,6,0,1,0,4,2,1,18.2,6,6,1,0.751,2
Assem Marei,25-26,12/26/2025,0,Changwon LG Sakers,Jeonju KCC Egis,W,Starter,C,43.18,22,9,15,0.6,1,1,1,3,6,0.5,6,13,19,6,4,1,6,4,0.623582766,62.8,8,14,0.571,0.547,3
Assem Marei,25-26,12/23/2025,1,Changwon LG Sakers,Korea Gas Corporation,W,Starter,C,35.28,22,7,15,0.467,0,0,0,8,14,0.571,8,12,20,7,2,0,1,3,0.519848771,61.5,7,15,0.467,0.628,2
Assem Marei,25-26,12/21/2025,1,Changwon LG Sakers,Wonju Dongbu Promy,W,Starter,C,21.30,6,3,7,0.429,0,0,0,0,0,0,3,11,14,2,0,0,1,5,0.428571429,24.8,3,7,0.429,0.376,7
Assem Marei,25-26,12/14/2025,0,Changwon LG Sakers,Goyang Sono Skygunners,W,Starter,C,34.28,23,11,16,0.688,0,0,0,1,2,0.5,9,12,21,10,2,0,3,4,0.681279621,66.2,11,16,0.688,0.58,1
Assem Marei,25-26,12/13/2025,0,Changwon LG Sakers,Seoul SK,L,Starter,C,27.17,12,6,10,0.6,0,0,0,0,0,0,5,7,12,4,2,0,1,1,0.6,37.4,6,10,0.6,0.405,6
Assem Marei,25-26,12-7-2025,1,Changwon LG Sakers,Suwon KT Sonicboom,W,Starter,PF,25.87,20,8,18,0.444,0,0,0,4,9,0.444,13,6,19,2,1,0,3,4,0.455373406,45.8,8,18,0.444,0.965,1
Assem Marei,25-26,12-6-2025,1,Changwon LG Sakers,Ulsan Mobis Phoebus,W,Starter,C,26.73,10,5,8,0.625,0,0,0,0,3,0,1,7,8,7,1,1,4,2,0.536480687,32.1,5,8,0.625,0.498,2
Assem Marei,25-26,12-4-2025,1,Changwon LG Sakers,Korea Gas Corporation,L,Starter,C,33.47,17,7,18,0.389,0,0,0,3,6,0.5,6,5,11,5,4,0,3,5,0.411821705,46.7,7,18,0.389,0.706,18
Assem Marei,25-26,11/16/2025,0,Changwon LG Sakers,Anyang KGC,W,Starter,C,33.05,22,10,20,0.5,0,0,0,2,5,0.4,8,12,20,7,5,0,0,2,0.495495495,71.5,10,20,0.5,0.672,1
Assem Marei,25-26,11/15/2025,0,Changwon LG Sakers,Suwon KT Sonicboom,W,Starter,C,23.62,19,8,13,0.615,0,0,0,3,6,0.5,6,9,15,2,2,0,2,1,0.60741688,44,8,13,0.615,0.747,3
Assem Marei,25-26,11-12-2025,0,Changwon LG Sakers,Seoul Samsung Thunders,W,Starter,C,32.42,22,9,13,0.692,0,0,0,4,6,0.667,6,11,17,6,3,0,2,4,0.703324808,58.4,9,13,0.692,0.544,2
Assem Marei,25-26,11-10-2025,1,Changwon LG Sakers,Jeonju KCC Egis,W,Starter,C,30.43,12,5,10,0.5,0,0,0,2,2,1,5,9,14,8,2,1,2,2,0.551470588,47.8,5,10,0.5,0.423,2
Assem Marei,25-26,11-8-2025,0,Changwon LG Sakers,Wonju Dongbu Promy,L,Starter,C,24.82,13,6,13,0.462,0,0,0,1,2,0.5,4,7,11,1,2,2,0,4,0.468299712,39.7,6,13,0.462,0.559,6
Assem Marei,25-26,11-2-2025,0,Changwon LG Sakers,Seoul SK,W,Starter,C,35.90,15,7,10,0.7,0,0,0,1,2,0.5,2,12,14,8,3,1,6,1,0.689338235,49.8,7,10,0.7,0.47,1
Assem Marei,25-26,11-1-2025,0,Changwon LG Sakers,Goyang Sono Skygunners,L,Bench,PF,12.83,1,0,1,0,0,0,0,1,2,0.5,2,2,4,3,0,0,2,4,0.265957447,8.3,0,1,0,0.302,5
Assem Marei,25-26,10/27/2025,1,Changwon LG Sakers,Jeonju KCC Egis,W,Starter,C,20.82,12,6,9,0.667,0,0,0,0,2,0,6,3,9,6,1,0,2,4,0.607287449,32.8,6,9,0.667,0.571,2
Assem Marei,25-26,10/25/2025,0,Changwon LG Sakers,Ulsan Mobis Phoebus,W,Starter,C,31.52,28,11,17,0.647,1,2,0.5,5,5,1,4,16,20,5,0,0,4,4,0.729166667,55.5,10,15,0.667,0.736,5
Assem Marei,25-26,10/20/2025,1,Changwon LG Sakers,Korea Gas Corporation,W,Starter,C,29.08,16,6,12,0.5,0,0,0,4,4,1,5,7,12,4,4,1,5,3,0.581395349,46.4,6,12,0.5,0.645,2
Assem Marei,25-26,10/18/2025,1,Changwon LG Sakers,Seoul Samsung Thunders,W,Starter,C,31.72,28,12,24,0.5,0,0,0,4,6,0.667,13,7,20,4,4,0,2,3,0.525525526,68,12,24,0.5,0.903,3
Assem Marei,25-26,10/15/2025,1,Changwon LG Sakers,Anyang KGC,L,Starter,C,25.25,2,1,6,0.167,0,0,0,0,0,0,3,7,10,2,3,1,2,1,0.166666667,27,1,6,0.167,0.317,3
Assem Marei,25-26,10-12-2025,1,Changwon LG Sakers,Suwon KT Sonicboom,W,Starter,C,33.00,17,7,11,0.636,0,0,0,3,4,0.75,6,17,23,3,3,3,4,1,0.666144201,63.1,7,11,0.636,0.508,2
Assem Marei,25-26,10-10-2025,0,Changwon LG Sakers,Goyang Sono Skygunners,W,Starter,C,33.18,17,7,12,0.583,0,0,0,3,3,1,6,12,18,7,3,0,4,4,0.638138138,54.1,7,12,0.583,0.522,5
Assem Marei,25-26,10-5-2025,0,Changwon LG Sakers,Wonju Dongbu Promy,W,Starter,C,29.22,15,5,11,0.455,0,0,0,5,6,0.833,9,4,13,3,2,0,3,3,0.549853372,38.1,5,11,0.455,0.569,2
Assem Marei,25-26,10-3-2025,1,Changwon LG Sakers,Seoul SK,L,Starter,C,39.28,19,9,19,0.474,0,0,0,1,1,1,5,7,12,3,4,0,2,4,0.488683128,47.9,9,19,0.474,0.546,
Assem Marei,24-25,4-3-2025,1,Changwon LG Sakers,Anyang KGC,W,Bench,PF,15.40,11,4,8,0.5,0,0,0,3,7,0.429,4,6,10,1,1,0,4,2,0.496389892,23.5,4,8,0.5,0.979,4
Assem Marei,24-25,3/30/2025,0,Changwon LG Sakers,Jeonju KCC Egis,W,Starter,C,24.18,13,6,13,0.462,0,0,0,1,2,0.5,6,9,15,6,0,1,2,3,0.468299712,41,6,13,0.462,0.657,2
Assem Marei,24-25,3/28/2025,0,Changwon LG Sakers,Seoul SK,L,Starter,C,27.90,13,5,9,0.556,0,0,0,3,5,0.6,0,7,7,7,2,0,1,4,0.580357143,36.9,5,9,0.556,0.437,2
Assem Marei,24-25,3/26/2025,0,Changwon LG Sakers,Seoul Samsung Thunders,W,Starter,C,25.57,27,11,14,0.786,0,0,0,5,8,0.625,7,8,15,5,3,0,2,4,0.770547945,59.5,11,14,0.786,0.763,3
Assem Marei,24-25,3/23/2025,1,Changwon LG Sakers,Korea Gas Corporation,W,Starter,C,25.70,13,4,9,0.444,0,0,0,5,10,0.5,5,8,13,6,2,0,1,2,0.485074627,42.6,4,9,0.444,0.56,1
Assem Marei,24-25,3/22/2025,1,Changwon LG Sakers,Suwon KT Sonicboom,L,Starter,C,32.17,18,7,18,0.389,0,0,0,4,4,1,9,6,15,5,2,0,3,1,0.455465587,46.5,7,18,0.389,0.707,2
Assem Marei,24-25,3/20/2025,1,Changwon LG Sakers,Wonju Dongbu Promy,W,Starter,C,26.50,15,6,8,0.75,0,1,0,3,4,0.75,3,11,14,12,5,1,3,1,0.768442623,64.8,6,7,0.857,0.482,4
Assem Marei,24-25,3/16/2025,0,Changwon LG Sakers,Suwon KT Sonicboom,L,Starter,C,26.75,8,4,5,0.8,0,0,0,0,2,0,4,4,8,3,2,0,3,3,0.680272109,25.1,4,5,0.8,0.332,2
Assem Marei,24-25,3/14/2025,1,Changwon LG Sakers,Ulsan Mobis Phoebus,W,Starter,C,35.28,24,9,16,0.563,1,1,1,5,7,0.714,5,7,12,4,2,1,2,4,0.628930818,51.4,8,15,0.533,0.598,5
Assem Marei,24-25,3-9-2025,1,Changwon LG Sakers,Goyang Sono Skygunners,W,Starter,C,33.53,29,13,18,0.722,0,0,0,3,5,0.6,6,17,23,6,4,0,2,2,0.717821782,75.6,13,18,0.722,0.662,2
Assem Marei,24-25,3-7-2025,0,Changwon LG Sakers,Korea Gas Corporation,W,Starter,C,30.07,17,7,14,0.5,0,0,0,3,6,0.5,6,8,14,5,1,1,2,1,0.510817308,45.3,7,14,0.5,0.62,4
Assem Marei,24-25,3-3-2025,0,Changwon LG Sakers,Wonju Dongbu Promy,L,Starter,C,24.10,9,3,9,0.333,0,0,0,3,4,0.75,3,9,12,1,0,0,2,5,0.418215613,22.9,3,9,0.333,0.529,2
Assem Marei,24-25,3-1-2025,1,Changwon LG Sakers,Anyang KGC,L,Bench,PF,20.77,9,4,6,0.667,0,0,0,1,3,0.333,2,8,10,2,0,0,3,2,0.614754098,21,4,6,0.667,0.497,2
Assem Marei,24-25,2/27/2025,1,Changwon LG Sakers,Seoul Samsung Thunders,W,Starter,C,25.42,14,7,12,0.583,0,0,0,0,4,0,4,5,9,5,3,0,2,1,0.50872093,39.3,7,12,0.583,0.62,15
Assem Marei,24-25,2-12-2025,0,Changwon LG Sakers,Seoul SK,W,Starter,C,32.80,19,9,13,0.692,0,0,0,1,3,0.333,7,14,21,3,3,0,2,3,0.663407821,55.7,9,13,0.692,0.498,4
Assem Marei,24-25,2-8-2025,0,Changwon LG Sakers,Jeonju KCC Egis,W,Starter,C,30.30,17,8,12,0.667,0,0,0,1,2,0.5,9,5,14,8,3,0,1,1,0.659937888,53.8,8,12,0.667,0.458,2
Assem Marei,24-25,2-6-2025,1,Changwon LG Sakers,Jeonju KCC Egis,W,Starter,C,32.22,18,7,11,0.636,0,0,0,4,5,0.8,6,6,12,7,3,0,3,4,0.681818182,48.9,7,11,0.636,0.503,3
Assem Marei,24-25,2-3-2025,0,Changwon LG Sakers,Seoul SK,L,Starter,C,29.83,19,9,18,0.5,0,0,0,1,4,0.25,9,8,17,7,4,0,4,3,0.480769231,57.9,9,18,0.5,0.797,2
Assem Marei,24-25,2-1-2025,0,Changwon LG Sakers,Wonju Dongbu Promy,W,Starter,C,25.13,15,7,10,0.7,0,0,0,1,3,0.333,2,11,13,3,1,1,2,2,0.66254417,39.1,7,10,0.7,0.53,2
Assem Marei,24-25,1/30/2025,1,Changwon LG Sakers,Korea Gas Corporation,W,Starter,C,27.23,14,5,9,0.556,0,0,0,4,9,0.444,4,7,11,1,0,3,1,3,0.540123457,36.7,5,9,0.556,0.513,29
Assem Marei,24-25,1-1-2025,1,Changwon LG Sakers,Seoul SK,L,Bench,PF,1.03,0,0,0,0,0,0,0,0,0,0,0,0,0,0,0,0,0,0,,0,0,0,,0,3
Assem Marei,24-25,12/29/2024,1,Changwon LG Sakers,Wonju Dongbu Promy,W,Starter,C,21.48,15,6,7,0.857,0,0,0,3,4,0.75,1,9,10,4,1,0,1,3,0.856164384,35,6,7,0.857,0.454,1
Assem Marei,24-25,12/28/2024,1,Changwon LG Sakers,Suwon KT Sonicboom,W,Starter,C,26.45,21,9,16,0.563,0,0,0,3,7,0.429,5,7,12,3,4,0,4,1,0.550314465,47.9,9,16,0.563,0.873,2
Assem Marei,24-25,12/26/2024,0,Changwon LG Sakers,Korea Gas Corporation,W,Bench,PF,20.37,17,6,8,0.75,0,0,0,5,7,0.714,5,7,12,6,0,0,1,3,0.767148014,39.4,6,8,0.75,0.593,4
Assem Marei,24-25,12/22/2024,0,Changwon LG Sakers,Anyang KGC,W,Starter,C,31.48,11,5,12,0.417,0,0,0,1,4,0.25,7,5,12,6,5,0,2,3,0.399709302,47.4,5,12,0.417,0.501,2
Assem Marei,24-25,12/20/2024,1,Changwon LG Sakers,Jeonju KCC Egis,W,Starter,C,34.72,19,7,14,0.5,0,0,0,5,6,0.833,5,14,19,6,2,0,1,3,0.570913462,55.8,7,14,0.5,0.508,3
Assem Marei,24-25,12/17/2024,1,Changwon LG Sakers,Seoul Samsung Thunders,W,Starter,C,26.10,23,9,18,0.5,0,0,0,5,11,0.455,8,8,16,2,3,0,1,2,0.503502627,53.2,9,18,0.5,0.913,2
Assem Marei,24-25,12/15/2024,0,Changwon LG Sakers,Jeonju KCC Egis,W,Starter,C,25.12,12,5,11,0.455,0,0,0,2,5,0.4,5,8,13,2,4,0,2,0,0.454545455,40.6,5,11,0.455,0.605,2
Assem Marei,24-25,12/13/2024,0,Changwon LG Sakers,Anyang KGC,W,Starter,C,24.78,12,4,5,0.8,0,0,0,4,6,0.667,1,7,8,5,1,0,1,3,0.785340314,31.1,4,5,0.8,0.349,4
Assem Marei,24-25,12-9-2024,0,Changwon LG Sakers,Korea Gas Corporation,L,Starter,C,29.68,19,5,9,0.556,0,0,0,9,14,0.643,5,9,14,8,0,1,1,4,0.626649077,49.8,5,9,0.556,0.544,2
Assem Marei,24-25,12-7-2024,1,Changwon LG Sakers,Wonju Dongbu Promy,W,Starter,C,31.25,17,7,9,0.778,0,0,0,3,6,0.5,5,16,21,6,1,1,2,3,0.73024055,55.2,7,9,0.778,0.436,2
Assem Marei,24-25,12-5-2024,0,Changwon LG Sakers,Ulsan Mobis Phoebus,L,Starter,C,25.07,14,7,12,0.583,0,0,0,0,2,0,4,9,13,2,2,0,1,5,0.543478261,37.6,7,12,0.583,0.554,32
Assem Marei,24-25,11-3-2024,1,Changwon LG Sakers,Ulsan Mobis Phoebus,L,Starter,C,21.80,14,7,14,0.5,0,0,0,0,0,0,4,2,6,4,2,0,1,5,0.5,32.2,7,14,0.5,0.688,2
Assem Marei,24-25,11-1-2024,1,Changwon LG Sakers,Seoul SK,L,Starter,C,31.73,18,7,13,0.538,0,0,0,4,6,0.667,4,11,15,6,0,1,5,2,0.57544757,43,7,13,0.538,0.65,6
Assem Marei,24-25,10/26/2024,0,Changwon LG Sakers,Goyang Sono Skygunners,L,Starter,C,28.02,13,4,10,0.4,0,0,0,5,8,0.625,1,8,9,4,1,0,2,4,0.480769231,30.8,4,10,0.4,0.554,2
Assem Marei,24-25,10/24/2024,1,Changwon LG Sakers,Anyang KGC,W,Starter,C,33.58,14,5,8,0.625,0,0,0,4,6,0.667,5,10,15,5,3,2,5,3,0.657894737,49.5,5,8,0.625,0.466,3
Assem Marei,24-25,10/21/2024,1,Changwon LG Sakers,Jeonju KCC Egis,W,Starter,C,28.47,22,10,15,0.667,0,0,0,2,3,0.667,3,7,10,4,1,1,5,2,0.674019608,41,10,15,0.667,0.749,2
Assem Marei,24-25,10/19/2024,1,Changwon LG Sakers,Korea Gas Corporation,W,Starter,C,33.52,19,7,14,0.5,0,0,0,5,9,0.556,8,11,19,2,0,1,4,2,0.528953229,43.8,7,14,0.5,0.655,
Assem Marei,23-24,3/31/2024,0,Changwon LG Sakers,Seoul Samsung Thunders,W,Starter,PF,16.15,13,4,6,0.667,0,0,0,5,6,0.833,4,4,8,1,1,3,1,2,0.752314815,35.1,4,6,0.667,0.597,3
Assem Marei,23-24,3/28/2024,0,Changwon LG Sakers,Seoul SK,L,Starter,PF,21.23,10,3,8,0.375,0,1,0,4,10,0.4,1,6,7,2,3,0,3,2,0.403225806,27.4,3,7,0.429,0.725,4
Assem Marei,23-24,3/24/2024,0,Changwon LG Sakers,Ulsan Mobis Phoebus,W,Starter,PF,37.28,23,11,14,0.786,0,0,0,1,5,0.2,5,11,16,6,2,0,3,3,0.709876543,54.2,11,14,0.786,0.515,2
Assem Marei,23-24,3/22/2024,0,Changwon LG Sakers,Jeonju KCC Egis,W,Starter,PF,31.05,17,7,12,0.583,0,0,0,3,3,1,5,11,16,4,4,1,4,3,0.638138138,53.2,7,12,0.583,0.558,3
Assem Marei,23-24,3/19/2024,1,Changwon LG Sakers,Anyang KGC,W,Starter,PF,27.65,17,7,15,0.467,0,0,0,3,9,0.333,6,9,15,6,1,1,0,1,0.448312236,50,7,15,0.467,0.686,2
Assem Marei,23-24,3/17/2024,1,Changwon LG Sakers,Wonju Dongbu Promy,W,Starter,PF,29.92,29,13,17,0.765,0,0,0,3,5,0.6,12,7,19,4,2,0,2,2,0.755208333,61.8,13,17,0.765,0.709,2
Assem Marei,23-24,3/15/2024,0,Changwon LG Sakers,Goyang Sono Skygunners,W,Starter,PF,22.95,13,5,12,0.417,0,0,0,3,5,0.6,4,6,10,2,2,0,3,2,0.457746479,31,5,12,0.417,0.749,4
Assem Marei,23-24,3-11-2024,1,Changwon LG Sakers,Suwon KT Sonicboom,W,Bench,PF,22.95,16,7,9,0.778,0,0,0,2,3,0.667,2,8,10,3,1,0,1,2,0.775193798,34.5,7,9,0.778,0.493,4
Assem Marei,23-24,3-7-2024,1,Changwon LG Sakers,Korea Gas Corporation,W,Bench,PF,21.50,10,4,7,0.571,0,0,0,2,2,1,8,7,15,2,2,0,3,2,0.634517766,34,4,7,0.571,0.506,4
Assem Marei,23-24,3-3-2024,0,Changwon LG Sakers,Suwon KT Sonicboom,W,Bench,PF,23.22,6,3,6,0.5,0,0,0,0,0,0,2,7,9,2,1,0,0,2,0.5,22.8,3,6,0.5,0.258,2
Assem Marei,23-24,3-1-2024,1,Changwon LG Sakers,Anyang KGC,W,Bench,PF,15.43,12,5,6,0.833,0,0,0,2,6,0.333,3,2,5,1,0,0,3,1,0.694444444,16.5,5,6,0.833,0.754,52
Assem Marei,23-24,1-9-2024,1,Changwon LG Sakers,Seoul SK,L,Starter,C,28.93,8,3,8,0.375,0,0,0,2,4,0.5,7,15,22,3,2,0,1,2,0.409836066,43.9,3,8,0.375,0.372,2
Assem Marei,23-24,1-7-2024,1,Changwon LG Sakers,Ulsan Mobis Phoebus,W,Starter,C,15.95,3,1,2,0.5,0,0,0,1,3,0.333,1,6,7,3,1,0,2,2,0.451807229,16.9,1,2,0.5,0.334,1
Assem Marei,23-24,1-6-2024,1,Changwon LG Sakers,Korea Gas Corporation,L,Starter,PF,29.82,19,7,11,0.636,0,0,0,5,13,0.385,7,7,14,3,0,0,0,4,0.568181818,40.3,7,11,0.636,0.561,8
Assem Marei,23-24,12/29/2023,0,Changwon LG Sakers,Wonju Dongbu Promy,L,Starter,PF,22.75,7,3,7,0.429,0,0,0,1,2,0.5,4,5,9,2,1,1,0,2,0.444162437,26.8,3,7,0.429,0.346,3
Assem Marei,23-24,12/26/2023,1,Changwon LG Sakers,Anyang KGC,W,Starter,PF,26.95,20,7,10,0.7,0,0,0,6,7,0.857,2,4,6,4,0,0,0,3,0.764525994,33.2,7,10,0.7,0.485,2
Assem Marei,23-24,12/24/2023,0,Changwon LG Sakers,Jeonju KCC Egis,L,Starter,PF,39.38,22,9,14,0.643,0,0,0,4,6,0.667,9,8,17,5,3,1,2,3,0.661057692,59.9,9,14,0.643,0.473,1
Assem Marei,23-24,12/23/2023,1,Changwon LG Sakers,Seoul SK,L,Starter,PF,38.82,11,2,4,0.5,0,0,0,7,9,0.778,3,13,16,3,2,0,7,2,0.690954774,33.7,2,4,0.5,0.385,6
Assem Marei,23-24,12/17/2023,1,Changwon LG Sakers,Seoul Samsung Thunders,W,Starter,PF,31.33,22,8,16,0.5,0,0,0,6,7,0.857,8,8,16,3,0,0,1,4,0.576519916,44.7,8,16,0.5,0.641,1
Assem Marei,23-24,12/16/2023,0,Changwon LG Sakers,Korea Gas Corporation,L,Starter,PF,31.07,14,4,11,0.364,1,1,1,5,6,0.833,8,9,17,4,4,1,1,3,0.513196481,54.4,3,10,0.3,0.471,5
Assem Marei,23-24,12-11-2023,0,Changwon LG Sakers,Ulsan Mobis Phoebus,W,Starter,PF,38.10,22,10,16,0.625,0,0,0,2,7,0.286,11,11,22,3,3,1,2,3,0.576519916,62.9,10,16,0.625,0.553,2
Assem Marei,23-24,12-9-2023,1,Changwon LG Sakers,Suwon KT Sonicboom,W,Starter,PF,29.77,21,9,10,0.9,0,0,0,3,9,0.333,6,12,18,2,3,1,1,5,0.752148997,56.6,9,10,0.9,0.503,2
Assem Marei,23-24,12-7-2023,1,Changwon LG Sakers,Jeonju KCC Egis,W,Starter,C,38.18,22,7,14,0.5,0,0,0,8,8,1,5,15,20,6,3,1,4,2,0.627853881,63,7,14,0.5,0.564,2
Assem Marei,23-24,12-5-2023,0,Changwon LG Sakers,Seoul Samsung Thunders,W,Starter,PF,33.57,12,5,11,0.455,0,0,0,2,2,1,1,9,10,8,2,0,3,4,0.505050505,39,5,11,0.455,0.443,3
Assem Marei,23-24,12-2-2023,0,Changwon LG Sakers,Wonju Dongbu Promy,W,Starter,PF,33.88,17,7,9,0.778,0,0,0,3,5,0.6,7,17,24,5,3,1,3,3,0.758928571,62.3,7,9,0.778,0.419,2
Assem Marei,23-24,11/30/2023,0,Changwon LG Sakers,Seoul SK,W,Starter,PF,32.48,15,7,14,0.5,0,0,0,1,1,1,11,12,23,7,1,1,4,2,0.519390582,55.1,7,14,0.5,0.568,2
Assem Marei,23-24,11/28/2023,0,Changwon LG Sakers,Suwon KT Sonicboom,L,Starter,PF,38.32,20,8,13,0.615,0,0,0,4,6,0.667,7,13,20,6,1,0,2,3,0.639386189,54,8,13,0.615,0.46,3
Assem Marei,23-24,11/25/2023,1,Changwon LG Sakers,Goyang Sono Skygunners,W,Starter,PF,33.70,15,5,13,0.385,0,0,0,5,8,0.625,5,7,12,4,5,0,3,1,0.453995157,47.4,5,13,0.385,0.579,2
Assem Marei,23-24,11/23/2023,1,Changwon LG Sakers,Ulsan Mobis Phoebus,W,Starter,PF,23.93,21,9,13,0.692,0,0,0,3,4,0.75,4,8,12,6,0,0,0,2,0.711382114,44.4,9,13,0.692,0.617,4
Assem Marei,23-24,11/19/2023,1,Changwon LG Sakers,Korea Gas Corporation,W,Starter,PF,39.40,23,9,13,0.692,0,0,0,5,10,0.5,11,10,21,3,1,2,1,3,0.66091954,60.7,9,13,0.692,0.467,2
Assem Marei,23-24,11/17/2023,0,Changwon LG Sakers,Anyang KGC,W,Starter,PF,31.72,21,10,15,0.667,0,0,0,1,2,0.5,5,12,17,6,1,0,0,2,0.661209068,53.4,10,15,0.667,0.501,5
Assem Marei,23-24,11-12-2023,0,Changwon LG Sakers,Anyang KGC,L,Starter,C,21.93,14,7,19,0.368,0,0,0,0,0,0,9,6,15,0,0,2,3,4,0.368421053,35,7,19,0.368,1.003,2
Assem Marei,23-24,11-10-2023,1,Changwon LG Sakers,Jeonju KCC Egis,W,Starter,C,20.00,13,6,9,0.667,0,0,0,1,1,1,6,5,11,3,3,1,0,1,0.688559322,42.7,6,9,0.667,0.472,6
Assem Marei,23-24,11-4-2023,1,Changwon LG Sakers,Seoul SK,W,Starter,PF,34.60,16,6,12,0.5,0,0,0,4,8,0.5,7,13,20,2,0,2,1,2,0.515463918,48,6,12,0.5,0.477,2
Assem Marei,23-24,11-2-2023,1,Changwon LG Sakers,Goyang Sono Skygunners,W,Starter,PF,30.28,18,9,12,0.75,0,0,0,0,4,0,8,2,10,5,0,0,1,1,0.654069767,36.5,9,12,0.75,0.487,4
Assem Marei,23-24,10/29/2023,0,Changwon LG Sakers,Seoul Samsung Thunders,W,Starter,C,13.33,7,2,6,0.333,0,0,0,3,4,0.75,3,2,5,0,1,1,0,4,0.451030928,19,2,6,0.333,0.582,1
Assem Marei,23-24,10/28/2023,0,Changwon LG Sakers,Korea Gas Corporation,W,Starter,C,32.92,20,9,13,0.692,0,0,0,2,6,0.333,7,7,14,2,0,1,1,2,0.639386189,41.8,9,13,0.692,0.505,2
Assem Marei,23-24,10/26/2023,1,Changwon LG Sakers,Wonju Dongbu Promy,L,Starter,C,25.98,14,7,11,0.636,0,0,0,0,2,0,5,11,16,2,1,1,2,1,0.589225589,40.2,7,11,0.636,0.534,3
Assem Marei,23-24,10/23/2023,0,Changwon LG Sakers,Ulsan Mobis Phoebus,L,Starter,PF,29.95,17,7,14,0.5,0,0,0,3,5,0.6,6,12,18,0,0,0,6,5,0.524691358,32.6,7,14,0.5,0.741,2
Assem Marei,23-24,10/21/2023,1,Changwon LG Sakers,Suwon KT Sonicboom,L,Starter,PF,31.07,17,7,18,0.389,0,0,0,3,6,0.5,6,7,13,3,2,1,2,4,0.411821705,44.1,7,18,0.389,0.729,
정인덕,25-26,4-8-2026,0,Changwon LG Sakers,Ulsan Mobis Phoebus,L,Bench,SF,18.63,0,0,0,0,0,0,0,0,0,0,1,2,3,0,1,0,1,2,NULL,5.6,0,0,,0.054,3
정인덕,25-26,4-5-2026,1,Changwon LG Sakers,Jeonju KCC Egis,L,Starter,SF,30.45,9,4,5,0.8,1,2,0.5,0,0,0,2,2,4,1,0,0,0,1,0.9,15.3,3,3,1,0.164,2
정인덕,25-26,4-3-2026,0,Changwon LG Sakers,Suwon KT Sonicboom,W,Starter,SG,27.30,7,2,3,0.667,2,3,0.667,1,2,0.5,0,5,5,1,0,1,0,3,0.902061856,17.5,0,0,,0.142,3
정인덕,25-26,3/31/2026,0,Changwon LG Sakers,Anyang KGC,L,Bench,SF,4.10,0,0,0,0,0,0,0,0,0,0,0,0,0,0,0,0,0,2,,0,0,0,,0,2
정인덕,25-26,3/29/2026,1,Changwon LG Sakers,Seoul SK,W,Bench,SF,13.82,2,1,2,0.5,0,1,0,0,0,0,0,1,1,0,0,0,0,1,0.5,3.2,1,1,1,0.145,3
정인덕,25-26,3/26/2026,0,Changwon LG Sakers,Korea Gas Corporation,W,Starter,SF,25.63,2,1,1,1,0,0,0,0,0,0,0,3,3,1,0,0,0,1,1,7.1,1,1,1,0.039,11
정인덕,25-26,3/15/2026,0,Changwon LG Sakers,Wonju Dongbu Promy,W,Bench,SF,12.90,0,0,4,0,0,2,0,0,0,0,1,2,3,1,0,0,0,1,0,5.1,0,2,0,0.31,2
정인덕,25-26,3/13/2026,1,Changwon LG Sakers,Seoul Samsung Thunders,W,Bench,SF,25.18,7,3,4,0.75,1,2,0.5,0,0,0,0,1,1,4,0,1,1,0,0.875,16.2,2,2,1,0.199,2
정인덕,25-26,3-11-2026,1,Changwon LG Sakers,Goyang Sono Skygunners,L,Bench,SF,12.57,0,0,2,0,0,0,0,0,0,0,1,1,2,0,0,0,0,3,0,2.4,0,2,0,0.159,3
정인덕,25-26,3-8-2026,1,Changwon LG Sakers,Seoul SK,L,Starter,SF,27.02,5,1,4,0.25,1,2,0.5,2,2,1,2,2,4,1,0,0,1,3,0.512295082,10.3,0,2,0,0.218,2
정인덕,25-26,3-6-2026,1,Changwon LG Sakers,Ulsan Mobis Phoebus,W,Starter,SF,32.82,5,1,4,0.25,1,2,0.5,2,2,1,2,1,3,1,0,0,2,4,0.512295082,8.1,0,2,0,0.21,16
정인덕,25-26,2/18/2026,0,Changwon LG Sakers,Jeonju KCC Egis,W,Starter,SF,21.85,3,1,4,0.25,1,3,0.333,0,0,0,0,1,1,2,1,0,1,3,0.375,9.2,0,1,0,0.229,2
정인덕,25-26,2/16/2026,1,Changwon LG Sakers,Goyang Sono Skygunners,L,Bench,SF,17.07,6,2,4,0.5,2,3,0.667,0,0,0,0,1,1,0,1,0,0,0,0.75,10.2,0,1,0,0.234,2
정인덕,25-26,2/14/2026,1,Changwon LG Sakers,Wonju Dongbu Promy,W,Starter,SF,24.92,6,2,3,0.667,0,1,0,2,2,1,0,3,3,0,0,0,0,3,0.773195876,9.6,2,2,1,0.156,4
정인덕,25-26,2-10-2026,0,Changwon LG Sakers,Korea Gas Corporation,L,Starter,SF,31.37,14,6,9,0.667,2,3,0.667,0,0,0,2,1,3,0,0,1,1,1,0.777777778,19.6,4,6,0.667,0.319,2
정인덕,25-26,2-8-2026,0,Changwon LG Sakers,Anyang KGC,W,Starter,SF,25.73,2,0,3,0,0,2,0,2,2,1,1,1,2,0,0,0,1,2,0.257731959,3.4,0,1,0,0.19,3
정인덕,25-26,2-5-2026,0,Changwon LG Sakers,Seoul Samsung Thunders,W,Starter,PF,25.78,5,1,1,1,1,1,1,2,2,1,0,1,1,1,0,0,0,2,1.329787234,7.7,0,0,,0.073,2
정인덕,25-26,2-3-2026,1,Changwon LG Sakers,Suwon KT Sonicboom,W,Starter,SF,34.67,8,4,12,0.333,0,6,0,0,0,0,2,5,7,2,2,0,5,2,0.333333333,20.4,4,6,0.667,0.49,3
정인덕,25-26,1/31/2026,1,Changwon LG Sakers,Ulsan Mobis Phoebus,W,Starter,SF,28.38,8,2,2,1,2,2,1,2,2,1,0,1,1,5,2,1,1,4,1.388888889,24.7,0,0,,0.137,3
정인덕,25-26,1/28/2026,1,Changwon LG Sakers,Wonju Dongbu Promy,L,Bench,SF,14.68,3,1,2,0.5,1,1,1,0,0,0,0,1,1,1,0,0,0,3,0.75,5.7,0,1,0,0.136,3
정인덕,25-26,1/25/2026,1,Changwon LG Sakers,Anyang KGC,W,Starter,SF,31.58,11,4,9,0.444,1,4,0.25,2,2,1,2,3,5,0,3,0,0,2,0.556680162,26,3,5,0.6,0.313,2
정인덕,25-26,1/23/2026,0,Changwon LG Sakers,Jeonju KCC Egis,W,Starter,SF,34.15,2,1,3,0.333,0,1,0,0,0,0,1,1,2,3,1,1,1,3,0.333333333,13.9,1,2,0.5,0.117,8
정인덕,25-26,1/15/2026,0,Changwon LG Sakers,Seoul SK,L,Starter,PF,22.33,2,1,5,0.2,0,2,0,0,0,0,1,1,2,0,0,0,2,2,0.2,2.4,1,3,0.333,0.313,3
정인덕,25-26,1-12-2026,0,Changwon LG Sakers,Korea Gas Corporation,L,Starter,SF,33.12,9,3,3,1,3,3,1,0,0,0,2,2,4,1,1,0,1,0,1.5,17.3,0,0,,0.121,2
정인덕,25-26,1-10-2026,1,Changwon LG Sakers,Goyang Sono Skygunners,W,Starter,SF,31.40,19,7,10,0.7,3,4,0.75,2,2,1,1,1,2,1,1,0,1,2,0.873161765,24.9,4,6,0.667,0.378,3
정인덕,25-26,1-7-2026,1,Changwon LG Sakers,Seoul Samsung Thunders,W,Starter,SF,29.22,6,2,4,0.5,2,3,0.667,0,0,0,0,2,2,0,0,0,1,1,0.75,7.4,0,1,0,0.171,3
정인덕,25-26,1-4-2026,0,Changwon LG Sakers,Suwon KT Sonicboom,L,Starter,SF,27.75,8,3,6,0.5,2,5,0.4,0,0,0,0,1,1,2,1,0,2,3,0.666666667,13.2,1,1,1,0.288,2
정인덕,25-26,1-2-2026,0,Changwon LG Sakers,Seoul Samsung Thunders,W,Starter,SF,30.37,6,2,7,0.286,2,5,0.4,0,0,0,0,3,3,0,1,0,1,0,0.428571429,11.6,0,2,0,0.263,2
정인덕,25-26,12/31/2025,0,Changwon LG Sakers,Ulsan Mobis Phoebus,W,Starter,SF,30.00,3,1,3,0.333,1,3,0.333,0,0,0,0,4,4,2,2,0,0,3,0.5,16.8,0,0,,0.1,3
정인덕,25-26,12/28/2025,1,Changwon LG Sakers,Anyang KGC,L,Starter,SF,22.15,0,0,2,0,0,2,0,0,0,0,0,1,1,0,2,0,0,1,0,7.2,0,0,,0.09,2
정인덕,25-26,12/26/2025,0,Changwon LG Sakers,Jeonju KCC Egis,W,Starter,SF,41.50,19,7,9,0.778,5,5,1,0,1,0,2,2,4,0,1,0,1,3,1.006355932,25.8,2,4,0.5,0.252,3
정인덕,25-26,12/23/2025,1,Changwon LG Sakers,Korea Gas Corporation,W,Starter,SG,19.80,2,1,1,1,0,0,0,0,0,0,0,0,0,0,0,0,0,1,1,2,1,1,1,0.051,2
정인덕,25-26,12/21/2025,1,Changwon LG Sakers,Wonju Dongbu Promy,W,Starter,SF,28.68,0,0,4,0,0,2,0,0,0,0,1,1,2,1,2,1,0,1,0,12.9,0,2,0,0.139,7
정인덕,25-26,12/14/2025,0,Changwon LG Sakers,Goyang Sono Skygunners,W,Bench,SF,17.08,3,1,4,0.25,1,4,0.25,0,0,0,0,2,2,1,0,1,0,0,0.375,9.9,0,0,,0.234,1
정인덕,25-26,12/13/2025,0,Changwon LG Sakers,Seoul SK,L,Bench,SF,15.35,7,3,5,0.6,1,3,0.333,0,0,0,2,2,4,0,0,0,1,1,0.7,10.8,2,2,1,0.391,6
정인덕,25-26,12-7-2025,1,Changwon LG Sakers,Suwon KT Sonicboom,W,Starter,SF,34.25,3,1,11,0.091,1,6,0.167,0,0,0,0,2,2,2,0,1,0,1,0.136363636,11.4,0,5,0,0.321,1
정인덕,25-26,12-6-2025,1,Changwon LG Sakers,Ulsan Mobis Phoebus,W,Bench,SF,14.85,6,2,2,1,2,2,1,0,0,0,0,0,0,1,0,0,0,0,1.5,7.5,0,0,,0.135,2
정인덕,25-26,12-4-2025,1,Changwon LG Sakers,Korea Gas Corporation,L,Starter,SF,24.40,6,2,2,1,1,1,1,1,2,0.5,0,2,2,0,0,0,0,3,1.041666667,8.4,1,1,1,0.118,18
정인덕,25-26,11/16/2025,0,Changwon LG Sakers,Anyang KGC,W,Starter,SF,36.38,5,2,6,0.333,1,4,0.25,0,0,0,1,2,3,2,3,0,0,3,0.416666667,20.6,1,2,0.5,0.165,1
정인덕,25-26,11/15/2025,0,Changwon LG Sakers,Suwon KT Sonicboom,W,Starter,SG,20.47,6,2,5,0.4,2,5,0.4,0,0,0,1,1,2,1,0,0,1,3,0.6,8.9,0,0,,0.293,3
정인덕,25-26,11-12-2025,0,Changwon LG Sakers,Seoul Samsung Thunders,W,Starter,SF,35.70,7,2,6,0.333,1,3,0.333,2,2,1,1,3,4,2,0,0,0,3,0.50872093,14.8,1,3,0.333,0.193,2
정인덕,25-26,11-10-2025,1,Changwon LG Sakers,Jeonju KCC Egis,W,Starter,SF,29.75,10,4,6,0.667,2,3,0.667,0,0,0,0,3,3,1,0,0,0,1,0.833333333,15.1,2,3,0.667,0.202,2
정인덕,25-26,11-8-2025,0,Changwon LG Sakers,Wonju Dongbu Promy,L,Starter,SF,33.83,6,2,5,0.4,1,3,0.333,1,2,0.5,2,2,4,1,0,0,0,1,0.510204082,12.3,1,2,0.5,0.174,6
정인덕,25-26,11-2-2025,0,Changwon LG Sakers,Seoul SK,W,Starter,SF,30.32,7,2,6,0.333,2,3,0.667,1,2,0.5,2,4,6,1,1,0,0,3,0.50872093,18.7,0,3,0,0.227,1
정인덕,25-26,11-1-2025,0,Changwon LG Sakers,Goyang Sono Skygunners,L,Starter,SF,19.63,6,2,4,0.5,2,2,1,0,0,0,1,0,1,0,1,0,1,1,0.75,9.2,0,2,0,0.255,5
정인덕,25-26,10/27/2025,1,Changwon LG Sakers,Jeonju KCC Egis,W,Bench,SF,16.75,0,0,1,0,0,0,0,0,0,0,1,1,2,0,0,0,0,3,0,2.4,0,1,0,0.06,2
정인덕,25-26,10/25/2025,0,Changwon LG Sakers,Ulsan Mobis Phoebus,W,Starter,SF,23.17,4,2,3,0.667,0,1,0,0,0,0,1,0,1,1,0,1,0,2,0.666666667,9.7,2,2,1,0.129,5
정인덕,25-26,10/20/2025,1,Changwon LG Sakers,Korea Gas Corporation,W,Bench,SF,16.83,4,1,4,0.25,1,2,0.5,1,2,0.5,0,2,2,0,0,0,1,2,0.409836066,5.4,0,2,0,0.349,2
정인덕,25-26,10/18/2025,1,Changwon LG Sakers,Seoul Samsung Thunders,W,Starter,SF,29.15,3,1,5,0.2,0,2,0,1,2,0.5,1,1,2,1,0,0,1,2,0.255102041,5.9,1,3,0.333,0.236,3
정인덕,25-26,10/15/2025,1,Changwon LG Sakers,Anyang KGC,L,Starter,SF,18.08,0,0,2,0,0,1,0,0,0,0,1,1,2,3,0,1,0,0,0,9.9,0,1,0,0.111,3
정인덕,25-26,10-12-2025,1,Changwon LG Sakers,Suwon KT Sonicboom,W,Starter,SF,25.52,2,1,5,0.2,0,2,0,0,0,0,1,2,3,1,0,0,0,2,0.2,7.1,1,3,0.333,0.196,2
정인덕,25-26,10-10-2025,0,Changwon LG Sakers,Goyang Sono Skygunners,W,Starter,SF,34.45,5,1,5,0.2,1,2,0.5,2,4,0.5,0,1,1,2,1,1,1,1,0.369822485,14.2,0,3,0,0.225,5
정인덕,25-26,10-5-2025,0,Changwon LG Sakers,Wonju Dongbu Promy,W,Starter,SF,29.52,10,4,5,0.8,2,3,0.667,0,0,0,0,2,2,1,0,0,2,3,1,11.9,2,2,1,0.237,2
정인덕,25-26,10-3-2025,1,Changwon LG Sakers,Seoul SK,L,Starter,SF,33.02,16,6,14,0.429,4,6,0.667,0,0,0,2,1,3,0,1,0,1,0,0.571428571,21.6,2,8,0.25,0.454,
정인덕,24-25,4/28/2025,0,Changwon LG Sakers,Ulsan Mobis Phoebus,W,Starter,SF,32.57,2,1,6,0.167,0,2,0,0,0,0,1,3,4,1,1,1,0,2,0.166666667,14.3,1,4,0.25,0.184,2
정인덕,24-25,4/26/2025,1,Changwon LG Sakers,Ulsan Mobis Phoebus,W,Starter,SF,28.93,9,3,7,0.429,3,7,0.429,0,0,0,0,1,1,1,0,1,0,2,0.642857143,14.7,0,0,,0.242,2
정인덕,24-25,4/24/2025,1,Changwon LG Sakers,Ulsan Mobis Phoebus,W,Starter,SF,30.00,8,3,5,0.6,2,4,0.5,0,0,0,0,2,2,1,1,1,0,1,0.8,17.9,1,1,1,0.167,16
정인덕,24-25,4-8-2025,0,Changwon LG Sakers,Goyang Sono Skygunners,L,Bench,SF,12.48,5,2,4,0.5,1,3,0.333,0,0,0,0,2,2,3,1,0,1,0,0.625,13.9,1,1,1,0.401,3
정인덕,24-25,4-5-2025,0,Changwon LG Sakers,Ulsan Mobis Phoebus,W,Starter,SF,32.90,3,1,5,0.2,1,3,0.333,0,0,0,0,1,1,1,0,0,1,3,0.3,4.7,0,2,0,0.182,2
정인덕,24-25,4-3-2025,1,Changwon LG Sakers,Anyang KGC,W,Starter,SF,27.58,5,2,5,0.4,1,3,0.333,0,0,0,1,1,2,0,1,0,0,2,0.5,10.4,1,2,0.5,0.181,4
정인덕,24-25,3/30/2025,0,Changwon LG Sakers,Jeonju KCC Egis,W,Starter,SF,18.62,0,0,2,0,0,2,0,0,0,0,0,2,2,2,0,0,0,1,0,5.4,0,0,,0.107,2
정인덕,24-25,3/28/2025,0,Changwon LG Sakers,Seoul SK,L,Starter,SF,29.12,5,2,3,0.667,1,2,0.5,0,0,0,1,4,5,0,2,0,0,2,0.833333333,17,1,1,1,0.103,2
정인덕,24-25,3/26/2025,0,Changwon LG Sakers,Seoul Samsung Thunders,W,Starter,SF,31.92,8,2,3,0.667,2,3,0.667,2,2,1,0,3,3,3,0,0,3,1,1.030927835,13.1,0,0,,0.216,3
정인덕,24-25,3/23/2025,1,Changwon LG Sakers,Korea Gas Corporation,W,Starter,SF,32.17,0,0,2,0,0,0,0,0,0,0,0,6,6,0,2,0,0,1,0,13.2,0,2,0,0.062,1
정인덕,24-25,3/22/2025,1,Changwon LG Sakers,Suwon KT Sonicboom,L,Starter,SF,26.57,7,2,8,0.25,0,4,0,3,4,0.75,1,3,4,3,0,1,0,4,0.358606557,19.3,2,4,0.5,0.367,2
정인덕,24-25,3/20/2025,1,Changwon LG Sakers,Wonju Dongbu Promy,W,Starter,SF,33.95,0,0,4,0,0,3,0,0,0,0,0,3,3,1,3,0,0,1,0,14.1,0,1,0,0.118,4
정인덕,24-25,3/16/2025,0,Changwon LG Sakers,Suwon KT Sonicboom,L,Starter,SF,27.48,5,1,6,0.167,1,5,0.2,2,2,1,2,1,3,1,1,0,1,1,0.363372093,12.1,0,1,0,0.287,2
정인덕,24-25,3/14/2025,1,Changwon LG Sakers,Ulsan Mobis Phoebus,W,Starter,SF,32.28,10,2,6,0.333,2,5,0.4,4,4,1,1,3,4,1,0,0,0,3,0.644329897,16.3,0,1,0,0.24,5
정인덕,24-25,3-9-2025,1,Changwon LG Sakers,Goyang Sono Skygunners,W,Starter,SF,35.02,7,2,6,0.333,2,4,0.5,1,1,1,1,1,2,3,0,0,1,3,0.543478261,12.9,0,2,0,0.212,2
정인덕,24-25,3-7-2025,0,Changwon LG Sakers,Korea Gas Corporation,W,Starter,SF,34.45,9,3,5,0.6,2,4,0.5,1,2,0.5,0,4,4,1,0,1,0,1,0.765306122,18.3,1,1,1,0.171,4
정인덕,24-25,3-3-2025,0,Changwon LG Sakers,Wonju Dongbu Promy,L,Starter,SF,30.43,8,3,9,0.333,2,5,0.4,0,0,0,3,4,7,3,0,0,1,0,0.444444444,19.9,1,4,0.25,0.329,2
정인덕,24-25,3-1-2025,1,Changwon LG Sakers,Anyang KGC,L,Starter,SF,31.40,5,2,8,0.25,1,4,0.25,0,0,0,1,2,3,0,1,0,1,2,0.3125,10.6,1,4,0.25,0.287,2
정인덕,24-25,2/27/2025,1,Changwon LG Sakers,Seoul Samsung Thunders,W,Starter,SF,21.00,11,5,6,0.833,1,1,1,0,0,0,0,2,2,0,0,1,1,3,0.916666667,15.4,4,5,0.8,0.333,15
정인덕,24-25,2-12-2025,0,Changwon LG Sakers,Seoul SK,W,Starter,SF,33.60,8,3,7,0.429,2,3,0.667,0,0,0,2,3,5,0,0,0,0,1,0.571428571,14,1,4,0.25,0.208,4
정인덕,24-25,2-8-2025,0,Changwon LG Sakers,Jeonju KCC Egis,W,Starter,SF,33.68,9,3,8,0.375,3,6,0.5,0,0,0,0,2,2,0,1,0,0,3,0.5625,14.4,0,2,0,0.238,2
정인덕,24-25,2-6-2025,1,Changwon LG Sakers,Jeonju KCC Egis,W,Starter,SF,33.12,13,5,7,0.714,3,5,0.6,0,0,0,0,2,2,2,3,0,1,3,0.928571429,26.4,2,2,1,0.242,3
정인덕,24-25,2-3-2025,0,Changwon LG Sakers,Seoul SK,L,Starter,SF,34.77,5,1,4,0.25,1,4,0.25,2,2,1,0,3,3,2,3,0,2,4,0.512295082,18.6,0,0,,0.198,2
정인덕,24-25,2-1-2025,0,Changwon LG Sakers,Wonju Dongbu Promy,W,Starter,SG,30.37,6,2,6,0.333,0,3,0,2,2,1,0,0,0,2,2,1,0,2,0.436046512,18,2,3,0.667,0.227,2
정인덕,24-25,1/30/2025,1,Changwon LG Sakers,Korea Gas Corporation,W,Starter,SF,25.55,6,3,5,0.6,0,1,0,0,0,0,1,5,6,0,1,0,0,2,0.6,16.2,3,4,0.75,0.196,5
정인덕,24-25,1/25/2025,1,Changwon LG Sakers,Ulsan Mobis Phoebus,W,Starter,SF,25.77,0,0,3,0,0,2,0,0,0,0,0,1,1,1,2,0,1,3,0,7.7,0,1,0,0.155,2
정인덕,24-25,1/23/2025,1,Changwon LG Sakers,Goyang Sono Skygunners,W,Starter,SF,32.03,0,0,8,0,0,4,0,0,0,0,1,1,2,2,0,0,1,3,0,4.4,0,4,0,0.281,8
정인덕,24-25,1/15/2025,1,Changwon LG Sakers,Seoul Samsung Thunders,W,Starter,SF,23.68,10,2,8,0.25,2,5,0.4,4,5,0.8,0,2,2,3,0,0,1,3,0.490196078,15.9,0,3,0,0.473,2
정인덕,24-25,1/13/2025,0,Changwon LG Sakers,Suwon KT Sonicboom,W,Bench,SF,20.00,2,1,2,0.5,0,1,0,0,0,0,1,1,2,1,0,0,0,4,0.5,5.9,1,1,1,0.1,2
정인덕,24-25,1-11-2025,0,Changwon LG Sakers,Anyang KGC,W,Starter,SF,26.85,16,5,6,0.833,3,4,0.75,3,3,1,0,1,1,4,0,1,3,4,1.092896175,23.2,2,2,1,0.384,2
정인덕,24-25,1-9-2025,0,Changwon LG Sakers,Seoul Samsung Thunders,L,Starter,SF,26.27,6,2,5,0.4,2,4,0.5,0,0,0,0,1,1,1,0,0,0,2,0.6,8.7,0,1,0,0.19,4
정인덕,24-25,1-5-2025,1,Changwon LG Sakers,Goyang Sono Skygunners,W,Starter,SF,22.13,5,2,3,0.667,1,2,0.5,0,0,0,0,1,1,1,0,0,0,1,0.833333333,7.7,1,1,1,0.136,1
정인덕,24-25,1-4-2025,0,Changwon LG Sakers,Ulsan Mobis Phoebus,L,Bench,SF,15.05,0,0,3,0,0,2,0,0,0,0,1,1,2,1,0,0,0,1,0,3.9,0,1,0,0.199,3
정인덕,24-25,1-1-2025,1,Changwon LG Sakers,Seoul SK,L,Starter,SF,28.68,2,1,5,0.2,0,2,0,0,0,0,1,3,4,0,0,0,1,5,0.2,5.8,1,3,0.333,0.209,3
정인덕,24-25,12/29/2024,1,Changwon LG Sakers,Wonju Dongbu Promy,W,Starter,SF,20.87,11,4,6,0.667,3,4,0.75,0,0,0,0,2,2,3,1,0,0,0,0.916666667,20.9,1,2,0.5,0.287,1
정인덕,24-25,12/28/2024,1,Changwon LG Sakers,Suwon KT Sonicboom,W,Starter,SF,27.73,0,0,1,0,0,1,0,0,0,0,0,1,1,0,1,0,0,3,0,4.2,0,0,,0.036,2
정인덕,24-25,12/26/2024,0,Changwon LG Sakers,Korea Gas Corporation,W,Starter,PF,26.77,4,2,5,0.4,0,1,0,0,0,0,0,8,8,2,0,1,0,2,0.4,19.6,2,4,0.5,0.187,4
정인덕,24-25,12/22/2024,0,Changwon LG Sakers,Anyang KGC,W,Starter,SF,31.50,13,4,6,0.667,3,4,0.75,2,2,1,0,4,4,0,0,0,0,3,0.944767442,17.8,1,2,0.5,0.218,2
정인덕,24-25,12/20/2024,1,Changwon LG Sakers,Jeonju KCC Egis,W,Starter,SF,26.27,6,2,4,0.5,0,1,0,2,2,1,0,4,4,2,2,0,0,2,0.614754098,19.8,2,3,0.667,0.186,3
정인덕,24-25,12/17/2024,1,Changwon LG Sakers,Seoul Samsung Thunders,W,Bench,SF,13.45,7,3,5,0.6,1,2,0.5,0,0,0,0,0,0,0,0,0,0,1,0.7,7,2,3,0.667,0.372,2
정인덕,24-25,12/15/2024,0,Changwon LG Sakers,Jeonju KCC Egis,W,Starter,SF,26.45,3,1,8,0.125,1,7,0.143,0,0,0,1,3,4,2,1,1,1,0,0.1875,15.8,0,1,0,0.34,2
정인덕,24-25,12/13/2024,0,Changwon LG Sakers,Anyang KGC,W,Starter,SF,33.32,0,0,4,0,0,2,0,0,0,0,0,2,2,2,4,1,0,1,0,20.4,0,2,0,0.12,4
정인덕,24-25,12-9-2024,0,Changwon LG Sakers,Korea Gas Corporation,L,Starter,SF,25.67,11,4,5,0.8,3,3,1,0,0,0,1,1,2,0,0,0,1,5,1.1,12.4,1,2,0.5,0.234,2
정인덕,24-25,12-7-2024,1,Changwon LG Sakers,Wonju Dongbu Promy,W,Starter,SF,26.70,3,1,3,0.333,1,2,0.5,0,0,0,1,0,1,1,1,0,0,3,0.5,8.7,0,1,0,0.112,2
정인덕,24-25,12-5-2024,0,Changwon LG Sakers,Ulsan Mobis Phoebus,L,Bench,SF,11.97,2,1,2,0.5,0,1,0,0,0,0,0,0,0,0,1,0,0,0,0.5,5,1,1,1,0.167,5
정인덕,24-25,11/30/2024,0,Changwon LG Sakers,Goyang Sono Skygunners,W,Bench,SF,18.73,3,1,2,0.5,1,2,0.5,0,0,0,0,0,0,0,0,1,0,2,0.75,6,0,0,,0.107,3
정인덕,24-25,11/27/2024,1,Changwon LG Sakers,Seoul SK,L,Starter,SF,26.57,13,5,11,0.455,3,6,0.5,0,0,0,0,2,2,2,1,0,2,3,0.590909091,19.4,2,5,0.4,0.489,13
정인덕,24-25,11/14/2024,1,Changwon LG Sakers,Suwon KT Sonicboom,L,Bench,SF,15.67,7,3,6,0.5,1,4,0.25,0,0,0,0,2,2,0,0,0,0,2,0.583333333,9.4,2,2,1,0.383,4
정인덕,24-25,11-10-2024,0,Changwon LG Sakers,Wonju Dongbu Promy,L,Bench,SF,16.07,5,1,3,0.333,1,3,0.333,2,2,1,0,3,3,0,0,0,1,0,0.644329897,7.6,0,0,,0.304,1
정인덕,24-25,11-9-2024,0,Changwon LG Sakers,Suwon KT Sonicboom,L,Starter,PF,24.10,4,2,2,1,0,0,0,0,0,0,1,4,5,1,1,0,1,0,1,13.5,2,2,1,0.124,2
정인덕,24-25,11-7-2024,0,Changwon LG Sakers,Seoul Samsung Thunders,L,Starter,SF,20.90,6,1,3,0.333,1,2,0.5,3,4,0.75,0,1,1,0,0,1,0,0,0.630252101,10.2,0,1,0,0.228,4
정인덕,24-25,11-3-2024,1,Changwon LG Sakers,Ulsan Mobis Phoebus,L,Starter,SF,30.47,10,4,5,0.8,2,3,0.667,0,0,0,0,1,1,2,1,0,1,3,1,16.2,2,2,1,0.197,2
정인덕,24-25,11-1-2024,1,Changwon LG Sakers,Seoul SK,L,Starter,SF,24.42,2,1,4,0.25,0,2,0,0,0,0,0,0,0,0,0,0,1,4,0.25,1,1,2,0.5,0.205,6
정인덕,24-25,10/26/2024,0,Changwon LG Sakers,Goyang Sono Skygunners,L,Starter,SF,24.25,5,2,3,0.667,1,1,1,0,0,0,0,2,2,1,0,0,2,1,0.833333333,6.9,1,2,0.5,0.206,2
정인덕,24-25,10/24/2024,1,Changwon LG Sakers,Anyang KGC,W,Starter,SF,30.02,10,4,10,0.4,1,4,0.25,1,2,0.5,0,6,6,1,1,0,1,2,0.459558824,20.7,3,6,0.5,0.396,3
정인덕,24-25,10/21/2024,1,Changwon LG Sakers,Jeonju KCC Egis,W,Starter,SF,35.70,10,3,4,0.75,3,4,0.75,1,2,0.5,0,1,1,1,1,0,2,2,1.024590164,13.7,0,0,,0.193,2
정인덕,24-25,10/19/2024,1,Changwon LG Sakers,Korea Gas Corporation,W,Starter,SF,30.57,10,4,7,0.571,1,4,0.25,1,2,0.5,0,1,1,0,2,1,1,3,0.634517766,19.2,3,3,1,0.29,
정인덕,23-24,3/31/2024,0,Changwon LG Sakers,Seoul Samsung Thunders,W,Bench,SG,15.55,4,2,4,0.5,0,2,0,0,0,0,0,1,1,0,1,0,0,0,0.5,8.2,2,2,1,0.257,3
정인덕,23-24,3/28/2024,0,Changwon LG Sakers,Seoul SK,L,Bench,SG,5.57,0,0,1,0,0,1,0,0,0,0,0,2,2,0,0,0,0,0,0,2.4,0,0,,0.18,4
정인덕,23-24,3/24/2024,0,Changwon LG Sakers,Ulsan Mobis Phoebus,W,Bench,SG,6.27,3,1,1,1,1,1,1,0,2,0,0,0,0,0,1,0,0,0,0.79787234,6,0,0,,0.3,2
정인덕,23-24,3/22/2024,0,Changwon LG Sakers,Jeonju KCC Egis,W,Bench,SG,2.43,0,0,0,0,0,0,0,0,0,0,0,0,0,0,0,0,0,0,,0,0,0,,0,3
정인덕,23-24,3/19/2024,1,Changwon LG Sakers,Anyang KGC,W,Bench,SG,9.25,8,2,2,1,2,2,1,2,2,1,0,0,0,0,0,0,0,0,1.388888889,8,0,0,,0.311,2
정인덕,23-24,3/17/2024,1,Changwon LG Sakers,Wonju Dongbu Promy,W,Bench,SG,19.05,2,1,3,0.333,0,1,0,0,0,0,0,3,3,1,0,0,0,4,0.333333333,7.1,1,2,0.5,0.157,2
정인덕,23-24,3/15/2024,0,Changwon LG Sakers,Goyang Sono Skygunners,W,Bench,SG,8.52,2,0,0,0,0,0,0,2,2,1,0,1,1,0,0,0,0,0,1.136363636,3.2,0,0,,0.103,4
정인덕,23-24,3-11-2024,1,Changwon LG Sakers,Suwon KT Sonicboom,W,Bench,SG,16.85,4,1,5,0.2,0,1,0,2,2,1,0,1,1,1,0,0,0,3,0.340136054,6.7,1,4,0.25,0.349,4
정인덕,23-24,3-7-2024,1,Changwon LG Sakers,Korea Gas Corporation,W,Bench,SG,10.57,5,2,3,0.667,1,2,0.5,0,0,0,0,3,3,0,0,0,0,3,0.833333333,8.6,1,1,1,0.284,4
정인덕,23-24,3-3-2024,0,Changwon LG Sakers,Suwon KT Sonicboom,W,Bench,SG,4.07,0,0,1,0,0,0,0,0,0,0,1,1,2,0,0,0,0,0,0,2.4,0,1,0,0.246,2
정인덕,23-24,3-1-2024,1,Changwon LG Sakers,Anyang KGC,W,Bench,SG,12.88,7,3,4,0.75,1,2,0.5,0,0,0,0,1,1,0,1,1,0,2,0.875,14.2,2,2,1,0.311,15
정인덕,23-24,2/15/2024,0,Changwon LG Sakers,Seoul SK,W,Bench,SG,1.87,0,0,0,0,0,0,0,0,0,0,0,0,0,0,0,0,0,0,,0,0,0,,0,5
정인덕,23-24,2-10-2024,0,Changwon LG Sakers,Korea Gas Corporation,W,Bench,SG,0.08,0,0,0,0,0,0,0,0,0,0,0,1,1,0,0,0,0,0,,1.2,0,0,,0,2
정인덕,23-24,2-8-2024,0,Changwon LG Sakers,Jeonju KCC Egis,L,Bench,SG,6.93,0,0,2,0,0,1,0,0,0,0,1,1,2,1,0,0,0,1,0,3.9,0,1,0,0.289,2
정인덕,23-24,2-6-2024,1,Changwon LG Sakers,Wonju Dongbu Promy,L,Bench,SG,1.17,0,0,0,0,0,0,0,0,0,0,0,0,0,0,0,0,0,0,,0,0,0,,0,3
정인덕,23-24,2-3-2024,1,Changwon LG Sakers,Seoul Samsung Thunders,L,Bench,SG,1.75,0,0,0,0,0,0,0,0,0,0,0,0,0,0,0,0,0,0,,0,0,0,,0,4
정인덕,23-24,1/30/2024,0,Changwon LG Sakers,Goyang Sono Skygunners,W,Bench,SG,1.90,0,0,1,0,0,0,0,0,0,0,0,0,0,0,1,0,0,0,0,3,0,1,0,0.526,4
정인덕,23-24,1/26/2024,1,Changwon LG Sakers,Seoul Samsung Thunders,W,Bench,SG,13.70,4,2,2,1,0,0,0,0,2,0,0,1,1,1,1,0,1,3,0.694444444,8.7,2,2,1,0.283,5
정인덕,23-24,1/21/2024,0,Changwon LG Sakers,Wonju Dongbu Promy,L,Bench,SG,3.78,0,0,0,0,0,0,0,0,0,0,0,0,0,0,0,0,0,0,,0,0,0,,0,12
정인덕,23-24,1-9-2024,1,Changwon LG Sakers,Seoul SK,L,Bench,SG,13.78,5,2,4,0.5,0,2,0,1,2,0.5,0,0,0,1,0,0,0,2,0.512295082,6.5,2,2,1,0.354,2
정인덕,23-24,1-7-2024,1,Changwon LG Sakers,Ulsan Mobis Phoebus,W,Starter,SF,9.17,0,0,4,0,0,2,0,0,0,0,0,0,0,0,0,0,0,1,0,0,0,2,0,0.436,1
정인덕,23-24,1-6-2024,1,Changwon LG Sakers,Korea Gas Corporation,L,Bench,SG,0.50,0,0,0,0,0,0,0,0,0,0,0,0,0,0,1,0,0,0,,3,0,0,,0,4
정인덕,23-24,1-2-2024,0,Changwon LG Sakers,Anyang KGC,L,Bench,SG,0.87,3,1,1,1,1,1,1,0,0,0,0,0,0,0,0,0,0,0,1.5,3,0,0,,1.149,2
정인덕,23-24,12/31/2023,1,Changwon LG Sakers,Goyang Sono Skygunners,W,Bench,SG,3.60,0,0,0,0,0,0,0,0,0,0,0,1,1,0,0,0,0,0,,1.2,0,0,,0,2
정인덕,23-24,12/29/2023,0,Changwon LG Sakers,Wonju Dongbu Promy,L,Bench,SG,3.53,0,0,1,0,0,1,0,0,0,0,0,0,0,0,0,0,0,0,0,0,0,0,,0.283,5
정인덕,23-24,12/24/2023,0,Changwon LG Sakers,Jeonju KCC Egis,L,Starter,SF,21.22,9,3,7,0.429,3,4,0.75,0,0,0,0,6,6,2,0,0,0,4,0.642857143,19.2,0,3,0,0.33,1
정인덕,23-24,12/23/2023,1,Changwon LG Sakers,Seoul SK,L,Bench,SG,3.83,0,0,0,0,0,0,0,0,0,0,0,0,0,0,0,1,0,1,,3,0,0,,0,6
정인덕,23-24,12/17/2023,1,Changwon LG Sakers,Seoul Samsung Thunders,W,Bench,SG,0.90,0,0,0,0,0,0,0,0,0,0,0,0,0,0,0,0,0,0,,0,0,0,,0,1
정인덕,23-24,12/16/2023,0,Changwon LG Sakers,Korea Gas Corporation,L,Bench,SG,7.32,0,0,0,0,0,0,0,0,0,0,1,0,1,0,0,0,0,0,,1.2,0,0,,0,5
정인덕,23-24,12-11-2023,0,Changwon LG Sakers,Ulsan Mobis Phoebus,W,Starter,SG,16.67,5,2,4,0.5,1,2,0.5,0,0,0,1,0,1,0,0,0,1,2,0.625,5.2,1,2,0.5,0.3,4
정인덕,23-24,12-7-2023,1,Changwon LG Sakers,Jeonju KCC Egis,W,Starter,SG,20.50,3,1,4,0.25,1,3,0.333,0,0,0,0,0,0,0,1,0,0,4,0.375,6,0,1,0,0.195,2
정인덕,23-24,12-5-2023,0,Changwon LG Sakers,Seoul Samsung Thunders,W,Bench,SG,4.67,2,1,2,0.5,0,1,0,0,0,0,0,0,0,0,0,0,0,0,0.5,2,1,1,1,0.428,3
정인덕,23-24,12-2-2023,0,Changwon LG Sakers,Wonju Dongbu Promy,W,Bench,SG,4.95,2,1,1,1,0,0,0,0,0,0,0,0,0,0,0,0,0,0,1,2,1,1,1,0.202,2
정인덕,23-24,11/30/2023,0,Changwon LG Sakers,Seoul SK,W,Starter,SG,21.72,7,3,6,0.5,1,4,0.25,0,0,0,1,1,2,0,1,0,0,1,0.583333333,12.4,2,2,1,0.276,2
정인덕,23-24,11/28/2023,0,Changwon LG Sakers,Suwon KT Sonicboom,L,Starter,SG,3.98,0,0,1,0,0,0,0,0,0,0,1,0,1,0,0,0,0,0,0,1.2,0,1,0,0.251,3
정인덕,23-24,11/25/2023,1,Changwon LG Sakers,Goyang Sono Skygunners,W,Bench,SG,7.62,5,1,3,0.333,1,2,0.5,2,2,1,0,1,1,0,0,1,0,0,0.644329897,9.2,0,1,0,0.509,2
정인덕,23-24,11/23/2023,1,Changwon LG Sakers,Ulsan Mobis Phoebus,W,Bench,SG,12.28,6,2,2,1,2,2,1,0,0,0,0,0,0,2,0,0,0,2,1.5,9,0,0,,0.163,4
정인덕,23-24,11/19/2023,1,Changwon LG Sakers,Korea Gas Corporation,W,Starter,SG,14.05,0,0,0,0,0,0,0,0,0,0,0,1,1,2,0,0,0,1,,4.2,0,0,,0,2
정인덕,23-24,11/17/2023,0,Changwon LG Sakers,Anyang KGC,W,Starter,SG,9.90,0,0,1,0,0,1,0,0,0,0,0,0,0,0,0,0,0,0,0,0,0,0,,0.101,5
정인덕,23-24,11-12-2023,0,Changwon LG Sakers,Anyang KGC,L,Bench,SG,7.70,5,2,2,1,1,1,1,0,0,0,0,1,1,0,1,0,0,1,1.25,9.2,1,1,1,0.26,2
정인덕,23-24,11-10-2023,1,Changwon LG Sakers,Jeonju KCC Egis,W,Starter,SF,15.23,5,2,2,1,1,1,1,0,0,0,0,0,0,0,0,0,0,2,1.25,5,1,1,1,0.131,6
정인덕,23-24,11-4-2023,1,Changwon LG Sakers,Seoul SK,W,Starter,SG,11.03,0,0,5,0,0,1,0,0,0,0,0,1,1,1,0,0,0,1,0,2.7,0,4,0,0.453,2
정인덕,23-24,11-2-2023,1,Changwon LG Sakers,Goyang Sono Skygunners,W,Starter,SG,11.48,3,1,3,0.333,0,1,0,1,2,0.5,1,5,6,0,1,0,1,1,0.386597938,12.2,1,2,0.5,0.425,4
정인덕,23-24,10/29/2023,0,Changwon LG Sakers,Seoul Samsung Thunders,W,Starter,SF,12.93,4,2,2,1,0,0,0,0,0,0,1,1,2,0,0,1,0,1,1,9.4,2,2,1,0.155,
정인덕,23-24,10/28/2023,0,Changwon LG Sakers,Korea Gas Corporation,W,Starter,SF,30.28,8,3,6,0.5,2,4,0.5,0,0,0,0,0,0,2,1,0,0,2,0.666666667,14,1,2,0.5,0.198,2
정인덕,23-24,10/26/2023,1,Changwon LG Sakers,Wonju Dongbu Promy,L,Starter,SF,30.97,19,8,10,0.8,3,4,0.75,0,0,0,0,1,1,2,1,0,0,2,0.95,26.2,5,6,0.833,0.323,3
정인덕,23-24,10/23/2023,0,Changwon LG Sakers,Ulsan Mobis Phoebus,L,Bench,SG,0.38,0,0,0,0,0,0,0,0,0,0,0,0,0,0,0,0,0,0,,0,0,0,,0,212
정인덕,22-23,3/25/2023,0,Changwon LG Sakers,Suwon KT Sonicboom,W,Starter,SF,30.00,9,4,7,0.571,1,2,0.5,0,0,0,1,2,3,1,0,0,0,3,0.642857143,14.1,3,5,0.6,0.233,2
정인덕,22-23,3/23/2023,1,Changwon LG Sakers,Korea Gas Corporation,W,Starter,SF,17.10,2,1,4,0.25,0,3,0,0,0,0,2,1,3,2,0,0,0,2,0.25,8.6,1,1,1,0.234,4
정인덕,22-23,3/19/2023,1,Changwon LG Sakers,Wonju Dongbu Promy,L,Starter,SF,18.88,0,0,1,0,0,0,0,0,0,0,1,1,2,3,1,0,0,3,0,9.9,0,1,0,0.053,1
정인덕,22-23,3/18/2023,0,Changwon LG Sakers,Seoul Samsung Thunders,W,Bench,SG,16.38,5,2,3,0.667,1,2,0.5,0,0,0,0,0,0,1,1,1,0,0,0.833333333,12.5,1,1,1,0.183,2
정인덕,22-23,3/16/2023,1,Changwon LG Sakers,Anyang KGC,W,Starter,SF,12.75,2,1,2,0.5,0,1,0,0,0,0,0,0,0,0,1,1,0,1,0.5,8,1,1,1,0.157,5
정인덕,22-23,3-11-2023,0,Changwon LG Sakers,Goyang Sono Skygunners,L,Bench,SG,1.78,0,0,0,0,0,0,0,0,0,0,0,0,0,0,0,0,0,1,,0,0,0,,0,2
정인덕,22-23,3-9-2023,0,Changwon LG Sakers,Jeonju KCC Egis,W,Starter,SF,15.93,0,0,1,0,0,1,0,0,0,0,0,2,2,1,0,0,0,3,0,3.9,0,0,,0.063,5
정인덕,22-23,3-4-2023,1,Changwon LG Sakers,Suwon KT Sonicboom,W,Starter,SF,22.67,4,2,3,0.667,0,0,0,0,0,0,1,1,2,2,0,0,0,2,0.666666667,9.4,2,3,0.667,0.132,2
정인덕,22-23,3-2-2023,0,Changwon LG Sakers,Ulsan Mobis Phoebus,W,Starter,SF,7.78,0,0,3,0,0,2,0,0,0,0,1,1,2,1,1,0,0,0,0,6.9,0,1,0,0.386,13
정인덕,22-23,2/17/2023,1,Changwon LG Sakers,Goyang Sono Skygunners,W,Bench,SG,21.02,8,3,5,0.6,1,3,0.333,1,3,0.333,3,1,4,1,0,0,0,2,0.632911392,14.3,2,2,1,0.301,2
정인덕,22-23,2/15/2023,0,Changwon LG Sakers,Anyang KGC,L,Starter,SF,7.32,3,1,2,0.5,1,2,0.5,0,0,0,0,0,0,0,0,0,0,0,0.75,3,0,0,,0.273,3
정인덕,22-23,2-12-2023,0,Changwon LG Sakers,Seoul SK,W,Starter,SF,5.88,0,0,1,0,0,1,0,0,0,0,0,0,0,0,0,1,0,1,0,3,0,0,,0.17,2
정인덕,22-23,2-10-2023,1,Changwon LG Sakers,Seoul Samsung Thunders,W,Starter,SF,8.57,0,0,2,0,0,2,0,0,0,0,0,0,0,0,0,0,0,0,0,0,0,0,,0.233,2
정인덕,22-23,2-8-2023,0,Changwon LG Sakers,Korea Gas Corporation,W,Starter,SF,21.37,14,5,10,0.5,4,7,0.571,0,0,0,1,1,2,0,0,0,1,2,0.7,15.4,1,3,0.333,0.515,3
정인덕,22-23,2-5-2023,0,Changwon LG Sakers,Jeonju KCC Egis,L,Bench,SG,6.07,0,0,1,0,0,1,0,0,0,0,0,0,0,0,0,0,1,0,0,-1,0,0,,0.329,2
정인덕,22-23,2-3-2023,1,Changwon LG Sakers,Wonju Dongbu Promy,W,Starter,SF,30.82,5,2,4,0.5,0,2,0,1,1,1,1,1,2,3,1,0,0,4,0.563063063,14.9,2,2,1,0.144,2
정인덕,22-23,2-1-2023,0,Changwon LG Sakers,Seoul SK,W,Starter,SF,10.00,0,0,4,0,0,3,0,0,0,0,2,1,3,1,0,0,1,0,0,4.1,0,1,0,0.5,3
정인덕,22-23,1/29/2023,0,Changwon LG Sakers,Suwon KT Sonicboom,W,Starter,SF,26.93,4,2,8,0.25,0,2,0,0,0,0,2,1,3,1,1,0,0,1,0.25,12.1,2,6,0.333,0.297,1
정인덕,22-23,1/28/2023,1,Changwon LG Sakers,Anyang KGC,W,Starter,SF,13.62,0,0,0,0,0,0,0,0,0,0,0,1,1,0,0,0,0,0,,1.2,0,0,,0,4
정인덕,22-23,1/24/2023,0,Changwon LG Sakers,Ulsan Mobis Phoebus,L,Bench,SG,5.03,0,0,1,0,0,1,0,0,0,0,0,0,0,1,1,0,0,0,0,4.5,0,0,,0.199,4
정인덕,22-23,1/20/2023,1,Changwon LG Sakers,Korea Gas Corporation,W,Starter,SF,15.50,0,0,1,0,0,1,0,0,0,0,0,2,2,1,0,0,0,2,0,3.9,0,0,,0.065,3
정인덕,22-23,1/17/2023,0,Changwon LG Sakers,Wonju Dongbu Promy,W,Bench,SG,9.75,0,0,1,0,0,1,0,0,0,0,0,0,0,1,0,0,2,0,0,-0.5,0,0,,0.308,7
정인덕,22-23,1-10-2023,0,Changwon LG Sakers,Seoul SK,W,Starter,SF,28.73,11,3,5,0.6,2,3,0.667,3,4,0.75,1,3,4,1,0,0,1,4,0.813609467,16.3,1,2,0.5,0.27,3
정인덕,22-23,1-7-2023,1,Changwon LG Sakers,Goyang Sono Skygunners,L,Bench,SG,0.82,0,0,0,0,0,0,0,0,0,0,0,0,0,0,0,0,0,0,,0,0,0,,0,2
정인덕,22-23,1-5-2023,0,Changwon LG Sakers,Seoul Samsung Thunders,W,Bench,SG,4.98,0,0,1,0,0,0,0,0,0,0,1,0,1,0,0,0,0,2,0,1.2,0,1,0,0.201,4
정인덕,22-23,1-1-2023,1,Changwon LG Sakers,Ulsan Mobis Phoebus,L,Starter,SF,13.17,3,1,2,0.5,1,2,0.5,0,0,0,0,0,0,0,0,0,1,1,0.75,2,0,0,,0.228,6
정인덕,22-23,12/26/2022,1,Changwon LG Sakers,Jeonju KCC Egis,L,Starter,SF,15.37,3,1,1,1,1,1,1,0,0,0,1,0,1,0,0,0,0,0,1.5,4.2,0,0,,0.065,2
정인덕,22-23,12/24/2022,0,Changwon LG Sakers,Anyang KGC,W,Starter,SF,32.50,7,2,3,0.667,2,2,1,1,2,0.5,1,1,2,0,0,0,1,3,0.902061856,8.4,0,1,0,0.15,2
정인덕,22-23,12/22/2022,0,Changwon LG Sakers,Wonju Dongbu Promy,W,Bench,SG,17.12,8,4,4,1,0,0,0,0,0,0,0,1,1,1,0,0,1,2,1,9.7,4,4,1,0.292,4
정인덕,22-23,12/18/2022,1,Changwon LG Sakers,Goyang Sono Skygunners,W,Starter,SF,12.63,10,4,5,0.8,0,0,0,2,3,0.667,0,0,0,0,0,0,0,3,0.791139241,10,4,5,0.8,0.5,2
정인덕,22-23,12/16/2022,0,Changwon LG Sakers,Korea Gas Corporation,W,Bench,SG,11.80,5,2,4,0.5,1,1,1,0,0,0,0,0,0,0,0,0,0,0,0.625,5,1,3,0.333,0.339,5
정인덕,22-23,12-11-2022,1,Changwon LG Sakers,Seoul Samsung Thunders,W,Starter,SF,17.52,4,2,7,0.286,0,3,0,0,0,0,1,1,2,0,0,0,0,0,0.285714286,6.4,2,4,0.5,0.4,15
정인덕,22-23,11/26/2022,0,Changwon LG Sakers,Suwon KT Sonicboom,W,Bench,SG,0.82,0,0,1,0,0,1,0,0,0,0,0,0,0,0,0,0,0,0,0,0,0,0,,1.22,29
정인덕,22-23,10/28/2022,0,Changwon LG Sakers,Anyang KGC,L,Bench,SG,0.27,0,0,0,0,0,0,0,0,0,0,0,0,0,0,0,0,0,0,,0,0,0,,0,4
정인덕,22-23,10/24/2022,1,Changwon LG Sakers,Suwon KT Sonicboom,W,Bench,SG,5.45,0,0,1,0,0,1,0,0,0,0,0,1,1,0,0,0,0,1,0,1.2,0,0,,0.183,3
정인덕,22-23,10/21/2022,0,Changwon LG Sakers,Goyang Sono Skygunners,L,Bench,SG,5.75,0,0,0,0,0,0,0,0,0,0,0,0,0,0,0,0,0,2,,0,0,0,,0,3
정인덕,22-23,10/18/2022,1,Changwon LG Sakers,Jeonju KCC Egis,W,Bench,SG,5.40,0,0,1,0,0,0,0,0,0,0,0,1,1,0,0,0,0,1,0,1.2,0,1,0,0.185,
양준석,25-26,4-5-2026,1,Changwon LG Sakers,Jeonju KCC Egis,L,Starter,PG,26.05,9,4,6,0.667,1,2,0.5,0,0,0,0,5,5,4,2,0,4,2,0.75,23,3,4,0.75,0.384,2
양준석,25-26,4-3-2026,0,Changwon LG Sakers,Suwon KT Sonicboom,W,Bench,PG,16.83,10,4,6,0.667,2,2,1,0,0,0,0,1,1,6,0,0,0,4,0.833333333,20.2,2,4,0.5,0.357,3
양준석,25-26,3/31/2026,0,Changwon LG Sakers,Anyang KGC,L,Starter,PG,36.90,7,1,4,0.25,0,1,0,5,6,0.833,1,1,2,9,0,0,1,4,0.527108434,21.9,1,3,0.333,0.207,2
양준석,25-26,3/29/2026,1,Changwon LG Sakers,Seoul SK,W,Starter,PG,33.57,4,2,9,0.222,0,3,0,0,0,0,0,4,4,6,1,1,0,1,0.222222222,23.8,2,6,0.333,0.268,3
양준석,25-26,3/26/2026,0,Changwon LG Sakers,Korea Gas Corporation,W,Starter,PG,33.37,14,5,8,0.625,4,6,0.667,0,0,0,0,2,2,11,1,0,1,2,0.875,34.9,1,2,0.5,0.27,11
양준석,25-26,3/15/2026,0,Changwon LG Sakers,Wonju Dongbu Promy,W,Starter,PG,34.70,11,4,9,0.444,3,6,0.5,0,0,0,3,2,5,11,0,0,1,2,0.611111111,32.5,1,3,0.333,0.288,2
양준석,25-26,3/13/2026,1,Changwon LG Sakers,Seoul Samsung Thunders,W,Starter,PG,31.70,19,7,12,0.583,5,7,0.714,0,0,0,1,2,3,5,1,0,4,2,0.791666667,29.1,2,5,0.4,0.505,2
양준석,25-26,3-11-2026,1,Changwon LG Sakers,Goyang Sono Skygunners,L,Starter,PG,36.90,11,4,11,0.364,3,6,0.5,0,0,0,2,4,6,8,1,0,2,3,0.5,31.2,1,5,0.2,0.352,3
양준석,25-26,3-8-2026,1,Changwon LG Sakers,Seoul SK,L,Starter,PG,31.30,3,1,8,0.125,1,3,0.333,0,0,0,0,1,1,7,1,0,0,3,0.1875,17.7,0,5,0,0.256,2
양준석,25-26,3-6-2026,1,Changwon LG Sakers,Ulsan Mobis Phoebus,W,Starter,PG,34.18,9,3,6,0.5,2,3,0.667,1,2,0.5,0,1,1,10,2,0,1,2,0.654069767,30.2,1,3,0.333,0.231,16
양준석,25-26,2/18/2026,0,Changwon LG Sakers,Jeonju KCC Egis,W,Starter,PG,25.73,13,4,7,0.571,1,3,0.333,4,4,1,2,2,4,9,3,0,1,1,0.742009132,39.3,3,4,0.75,0.379,2
양준석,25-26,2/16/2026,1,Changwon LG Sakers,Goyang Sono Skygunners,L,Starter,PG,23.65,4,1,5,0.2,0,4,0,2,2,1,1,1,2,3,0,0,2,1,0.340136054,8.9,1,1,1,0.333,2
양준석,25-26,2/14/2026,1,Changwon LG Sakers,Wonju Dongbu Promy,W,Starter,PG,30.05,13,4,7,0.571,1,2,0.5,4,4,1,1,6,7,14,2,0,2,2,0.742009132,46.4,3,5,0.6,0.358,4
양준석,25-26,2-10-2026,0,Changwon LG Sakers,Korea Gas Corporation,L,Starter,PG,28.50,8,4,14,0.286,0,5,0,0,0,0,0,2,2,4,0,0,0,2,0.285714286,16.4,4,9,0.444,0.491,2
양준석,25-26,2-8-2026,0,Changwon LG Sakers,Anyang KGC,W,Starter,PG,34.27,12,4,7,0.571,2,3,0.667,2,2,1,0,3,3,8,0,0,1,4,0.76142132,26.6,2,4,0.5,0.259,3
양준석,25-26,2-5-2026,0,Changwon LG Sakers,Seoul Samsung Thunders,W,Starter,PG,23.13,8,2,5,0.4,0,3,0,4,5,0.8,0,4,4,13,0,0,1,4,0.555555556,31.3,2,2,1,0.355,2
양준석,25-26,2-3-2026,1,Changwon LG Sakers,Suwon KT Sonicboom,W,Starter,PG,32.75,16,7,9,0.778,2,3,0.667,0,0,0,0,4,4,8,0,0,1,1,0.888888889,31.8,5,6,0.833,0.305,3
양준석,25-26,1/31/2026,1,Changwon LG Sakers,Ulsan Mobis Phoebus,W,Starter,PG,35.63,14,7,13,0.538,0,4,0,0,0,0,1,0,1,5,1,0,1,1,0.538461538,24.7,7,9,0.778,0.393,3
양준석,25-26,1/28/2026,1,Changwon LG Sakers,Wonju Dongbu Promy,L,Starter,PG,39.05,8,3,15,0.2,2,10,0.2,0,0,0,0,2,2,4,1,0,2,2,0.266666667,17.4,1,5,0.2,0.435,3
양준석,25-26,1/25/2026,1,Changwon LG Sakers,Anyang KGC,W,Starter,PG,30.82,15,3,8,0.375,2,3,0.667,7,7,1,1,4,5,5,0,0,0,2,0.676895307,28.5,1,5,0.2,0.36,2
양준석,25-26,1/23/2026,0,Changwon LG Sakers,Jeonju KCC Egis,W,Starter,PG,31.88,12,5,12,0.417,2,4,0.5,0,0,0,2,3,5,6,1,0,1,3,0.5,29,3,8,0.375,0.408,8
양준석,25-26,1/15/2026,0,Changwon LG Sakers,Seoul SK,L,Starter,PG,26.17,11,5,12,0.417,1,6,0.167,0,0,0,2,0,2,1,1,0,3,4,0.458333333,14.9,4,6,0.667,0.573,3
양준석,25-26,1-12-2026,0,Changwon LG Sakers,Korea Gas Corporation,L,Starter,PG,33.45,12,4,14,0.286,2,6,0.333,2,3,0.667,1,1,2,3,0,0,2,2,0.391644909,16.9,2,8,0.25,0.518,2
양준석,25-26,1-10-2026,1,Changwon LG Sakers,Goyang Sono Skygunners,W,Starter,PG,30.22,15,5,10,0.5,3,7,0.429,2,2,1,1,3,4,9,0,0,0,4,0.689338235,33.3,2,3,0.667,0.36,3
양준석,25-26,1-7-2026,1,Changwon LG Sakers,Seoul Samsung Thunders,W,Starter,PG,24.00,15,6,11,0.545,3,5,0.6,0,0,0,2,1,3,3,0,0,0,4,0.681818182,23.1,3,6,0.5,0.458,3
양준석,25-26,1-4-2026,0,Changwon LG Sakers,Suwon KT Sonicboom,L,Starter,PG,30.87,11,5,5,1,1,1,1,0,0,0,0,2,2,2,1,0,1,3,1.1,18.4,4,4,1,0.194,2
양준석,25-26,1-2-2026,0,Changwon LG Sakers,Seoul Samsung Thunders,W,Starter,PG,23.78,7,3,7,0.429,1,3,0.333,0,0,0,1,3,4,2,0,0,1,2,0.5,13.8,2,4,0.5,0.336,2
양준석,25-26,12/31/2025,0,Changwon LG Sakers,Ulsan Mobis Phoebus,W,Starter,PG,24.87,17,8,10,0.8,1,3,0.333,0,0,0,0,0,0,4,2,0,3,2,0.85,26,7,7,1,0.523,17
양준석,25-26,12/14/2025,0,Changwon LG Sakers,Goyang Sono Skygunners,W,Starter,PG,27.92,13,5,8,0.625,3,4,0.75,0,0,0,1,0,1,5,0,0,2,3,0.8125,19.7,2,4,0.5,0.358,1
양준석,25-26,12/13/2025,0,Changwon LG Sakers,Seoul SK,L,Bench,PG,18.18,5,1,5,0.2,1,4,0.25,2,2,1,0,0,0,3,0,0,1,2,0.425170068,8.5,0,1,0,0.378,6
양준석,25-26,12-7-2025,1,Changwon LG Sakers,Suwon KT Sonicboom,W,Bench,PG,12.60,6,3,5,0.6,0,2,0,0,0,0,2,1,3,0,1,0,4,2,0.6,8.6,3,3,1,0.714,1
양준석,25-26,12-6-2025,1,Changwon LG Sakers,Ulsan Mobis Phoebus,W,Bench,PG,7.10,4,1,1,1,1,1,1,1,2,0.5,0,2,2,2,0,0,0,0,1.063829787,9.4,0,0,,0.265,2
양준석,25-26,12-4-2025,1,Changwon LG Sakers,Korea Gas Corporation,L,Starter,PG,33.15,3,1,7,0.143,0,1,0,1,2,0.5,1,3,4,5,0,0,1,0,0.19035533,14.3,1,6,0.167,0.268,18
양준석,25-26,11/16/2025,0,Changwon LG Sakers,Anyang KGC,W,Starter,PG,30.70,2,1,5,0.2,0,1,0,0,0,0,0,3,3,5,0,0,0,2,0.2,13.1,1,4,0.25,0.163,1
양준석,25-26,11/15/2025,0,Changwon LG Sakers,Suwon KT Sonicboom,W,Starter,PG,27.33,17,8,14,0.571,1,5,0.2,0,0,0,0,3,3,6,3,0,1,2,0.607142857,37.6,7,9,0.778,0.549,3
양준석,25-26,11-12-2025,0,Changwon LG Sakers,Seoul Samsung Thunders,W,Starter,PG,29.45,9,2,7,0.286,1,3,0.333,4,4,1,0,1,1,8,0,0,3,1,0.51369863,19.2,1,4,0.25,0.399,2
양준석,25-26,11-10-2025,1,Changwon LG Sakers,Jeonju KCC Egis,W,Starter,PG,27.10,11,4,9,0.444,3,3,1,0,0,0,1,1,2,5,0,0,0,4,0.611111111,20.9,1,6,0.167,0.332,2
양준석,25-26,11-8-2025,0,Changwon LG Sakers,Wonju Dongbu Promy,L,Starter,PG,29.68,12,5,15,0.333,2,7,0.286,0,0,0,1,4,5,7,2,1,3,0,0.4,34.5,3,8,0.375,0.606,6
양준석,25-26,11-2-2025,0,Changwon LG Sakers,Seoul SK,W,Starter,PG,35.73,12,5,11,0.455,2,8,0.25,0,0,0,0,0,0,4,1,0,1,3,0.545454545,20,3,3,1,0.336,1
양준석,25-26,11-1-2025,0,Changwon LG Sakers,Goyang Sono Skygunners,L,Bench,PG,18.13,5,2,9,0.222,1,5,0.2,0,0,0,0,1,1,3,0,0,1,2,0.277777778,9.7,1,4,0.25,0.552,5
양준석,25-26,10/27/2025,1,Changwon LG Sakers,Jeonju KCC Egis,W,Starter,PG,32.52,10,4,9,0.444,1,4,0.25,1,2,0.5,0,2,2,6,0,0,1,3,0.506072874,20.4,3,5,0.6,0.335,2
양준석,25-26,10/25/2025,0,Changwon LG Sakers,Ulsan Mobis Phoebus,W,Starter,PG,31.90,8,4,6,0.667,0,0,0,0,0,0,1,2,3,7,2,0,0,1,0.666666667,28.1,4,6,0.667,0.188,5
양준석,25-26,10/20/2025,1,Changwon LG Sakers,Korea Gas Corporation,W,Starter,PG,31.77,7,3,7,0.429,1,3,0.333,0,0,0,0,0,0,8,1,0,0,3,0.5,22,2,4,0.5,0.22,2
양준석,25-26,10/18/2025,1,Changwon LG Sakers,Seoul Samsung Thunders,W,Starter,PG,31.55,8,4,13,0.308,0,5,0,0,0,0,2,1,3,7,3,0,1,0,0.307692308,30.1,4,8,0.5,0.444,3
양준석,25-26,10/15/2025,1,Changwon LG Sakers,Anyang KGC,L,Starter,PG,23.62,7,3,9,0.333,1,4,0.25,0,0,0,1,3,4,3,0,0,4,3,0.388888889,12.3,2,5,0.4,0.55,3
양준석,25-26,10-12-2025,1,Changwon LG Sakers,Suwon KT Sonicboom,W,Starter,PG,27.67,8,4,9,0.444,0,3,0,0,0,0,0,1,1,7,1,0,2,1,0.444444444,20.7,4,6,0.667,0.398,2
양준석,25-26,10-10-2025,0,Changwon LG Sakers,Goyang Sono Skygunners,W,Starter,PG,32.47,6,2,4,0.5,0,1,0,2,2,1,0,3,3,5,1,0,2,5,0.614754098,18.1,2,3,0.667,0.212,5
양준석,25-26,10-5-2025,0,Changwon LG Sakers,Wonju Dongbu Promy,W,Starter,PG,33.60,2,1,7,0.143,0,1,0,0,3,0,1,1,2,10,1,0,2,3,0.120192308,20.4,1,6,0.167,0.307,2
양준석,25-26,10-3-2025,1,Changwon LG Sakers,Seoul SK,L,Starter,PG,38.45,13,6,11,0.545,1,4,0.25,0,0,0,0,0,0,7,1,0,0,2,0.590909091,26.5,5,7,0.714,0.286,
양준석,24-25,4/28/2025,0,Changwon LG Sakers,Ulsan Mobis Phoebus,W,Starter,PG,30.38,17,6,12,0.5,2,4,0.5,3,4,0.75,1,2,3,7,0,0,2,3,0.617732558,29.1,4,8,0.5,0.519,2
양준석,24-25,4/26/2025,1,Changwon LG Sakers,Ulsan Mobis Phoebus,W,Starter,PG,28.68,10,4,6,0.667,2,2,1,0,0,0,2,0,2,9,1,0,0,3,0.833333333,28.9,2,4,0.5,0.209,2
양준석,24-25,4/24/2025,1,Changwon LG Sakers,Ulsan Mobis Phoebus,W,Starter,PG,32.13,8,3,10,0.3,2,8,0.25,0,0,0,1,3,4,6,1,0,1,3,0.4,23.8,1,2,0.5,0.342,16
양준석,24-25,4-8-2025,0,Changwon LG Sakers,Goyang Sono Skygunners,L,Bench,PG,8.73,0,0,0,0,0,0,0,0,0,0,0,0,0,1,0,0,0,3,,1.5,0,0,,0,3
양준석,24-25,4-5-2025,0,Changwon LG Sakers,Ulsan Mobis Phoebus,W,Starter,PG,35.35,18,6,10,0.6,5,7,0.714,1,2,0.5,2,0,2,6,2,1,3,3,0.827205882,35.4,1,3,0.333,0.393,2
양준석,24-25,4-3-2025,1,Changwon LG Sakers,Anyang KGC,W,Starter,PG,29.33,15,6,10,0.6,3,4,0.75,0,1,0,1,2,3,6,1,0,2,1,0.718390805,28.6,3,6,0.5,0.424,4
양준석,24-25,3/30/2025,0,Changwon LG Sakers,Jeonju KCC Egis,W,Bench,PG,10.17,6,2,2,1,0,0,0,2,2,1,0,1,1,1,0,0,0,1,1.041666667,8.7,2,2,1,0.283,2
양준석,24-25,3/28/2025,0,Changwon LG Sakers,Seoul SK,L,Starter,PG,34.07,15,6,9,0.667,3,6,0.5,0,0,0,0,0,0,6,0,0,1,3,0.833333333,23,3,3,1,0.294,2
양준석,24-25,3/26/2025,0,Changwon LG Sakers,Seoul Samsung Thunders,W,Starter,PG,25.18,8,2,5,0.4,2,4,0.5,2,2,1,0,3,3,3,1,0,1,4,0.680272109,18.1,0,1,0,0.273,3
양준석,24-25,3/23/2025,1,Changwon LG Sakers,Korea Gas Corporation,W,Starter,PG,31.03,11,4,9,0.444,0,3,0,3,3,1,0,1,1,6,0,0,1,3,0.532945736,20.2,4,6,0.667,0.365,1
양준석,24-25,3/22/2025,1,Changwon LG Sakers,Suwon KT Sonicboom,L,Starter,PG,30.30,12,5,8,0.625,2,3,0.667,0,2,0,1,1,2,4,2,1,3,5,0.675675676,26.4,3,5,0.6,0.392,2
양준석,24-25,3/20/2025,1,Changwon LG Sakers,Wonju Dongbu Promy,W,Starter,PG,27.48,9,4,8,0.5,1,3,0.333,0,0,0,1,2,3,3,1,0,2,2,0.5625,18.1,3,5,0.6,0.364,4
양준석,24-25,3/16/2025,0,Changwon LG Sakers,Suwon KT Sonicboom,L,Starter,PG,26.62,9,4,8,0.5,1,5,0.2,0,0,0,0,1,1,3,0,0,1,4,0.5625,13.7,3,3,1,0.338,2
양준석,24-25,3/14/2025,1,Changwon LG Sakers,Ulsan Mobis Phoebus,W,Starter,PG,36.30,7,3,12,0.25,1,5,0.2,0,0,0,1,3,4,6,0,0,0,3,0.291666667,20.8,2,7,0.286,0.331,5
양준석,24-25,3-9-2025,1,Changwon LG Sakers,Goyang Sono Skygunners,W,Starter,PG,35.27,13,6,10,0.6,1,4,0.25,0,0,0,0,2,2,9,1,0,2,1,0.65,29.9,5,6,0.833,0.34,2
양준석,24-25,3-7-2025,0,Changwon LG Sakers,Korea Gas Corporation,W,Starter,PG,22.93,5,2,6,0.333,1,2,0.5,0,0,0,3,2,5,4,0,0,4,4,0.416666667,13,1,4,0.25,0.436,4
양준석,24-25,3-3-2025,0,Changwon LG Sakers,Wonju Dongbu Promy,L,Starter,PG,29.47,0,0,5,0,0,1,0,0,0,0,3,1,4,6,0,0,1,2,0,12.8,0,4,0,0.204,2
양준석,24-25,3-1-2025,1,Changwon LG Sakers,Anyang KGC,L,Starter,PG,37.45,5,2,13,0.154,0,9,0,1,2,0.5,3,5,8,5,2,0,4,1,0.180115274,24.1,2,4,0.5,0.477,2
양준석,24-25,2/27/2025,1,Changwon LG Sakers,Seoul Samsung Thunders,W,Starter,PG,31.15,7,3,9,0.333,0,1,0,1,2,0.5,0,2,2,9,1,0,0,2,0.354251012,25.9,3,8,0.375,0.317,15
양준석,24-25,2-12-2025,0,Changwon LG Sakers,Seoul SK,W,Starter,PG,35.05,5,2,8,0.25,1,4,0.25,0,0,0,0,1,1,6,1,0,3,3,0.3125,15.2,1,4,0.25,0.314,4
양준석,24-25,2-8-2025,0,Changwon LG Sakers,Jeonju KCC Egis,W,Starter,PG,32.35,9,4,12,0.333,1,2,0.5,0,0,0,0,3,3,6,0,0,2,1,0.375,19.6,3,10,0.3,0.433,2
양준석,24-25,2-6-2025,1,Changwon LG Sakers,Jeonju KCC Egis,W,Starter,PG,34.47,17,6,15,0.4,3,6,0.5,2,2,1,2,2,4,6,1,0,3,3,0.535264484,30.8,3,9,0.333,0.548,3
양준석,24-25,2-3-2025,0,Changwon LG Sakers,Seoul SK,L,Starter,PG,36.83,11,5,11,0.455,1,4,0.25,0,0,0,0,3,3,6,0,0,2,3,0.5,21.6,4,7,0.571,0.353,2
양준석,24-25,2-1-2025,0,Changwon LG Sakers,Wonju Dongbu Promy,W,Starter,PG,25.13,8,4,10,0.4,0,3,0,0,0,0,1,1,2,5,0,0,3,3,0.4,14.9,4,7,0.571,0.517,2
양준석,24-25,1/30/2025,1,Changwon LG Sakers,Korea Gas Corporation,W,Starter,PG,33.03,14,5,15,0.333,2,10,0.2,2,2,1,1,1,2,5,1,0,2,2,0.440806045,24.9,3,5,0.6,0.541,5
양준석,24-25,1/25/2025,1,Changwon LG Sakers,Ulsan Mobis Phoebus,W,Starter,PG,26.97,8,4,9,0.444,0,1,0,0,0,0,1,2,3,7,0,0,1,2,0.444444444,21.1,4,8,0.5,0.371,2
양준석,24-25,1/23/2025,1,Changwon LG Sakers,Goyang Sono Skygunners,W,Starter,PG,31.42,10,5,10,0.5,0,1,0,0,0,0,1,3,4,4,0,0,1,4,0.5,19.8,5,9,0.556,0.35,8
양준석,24-25,1/15/2025,1,Changwon LG Sakers,Seoul Samsung Thunders,W,Starter,PG,33.57,16,7,10,0.7,2,4,0.5,0,0,0,2,1,3,12,1,1,3,4,0.8,40.6,5,6,0.833,0.387,2
양준석,24-25,1/13/2025,0,Changwon LG Sakers,Suwon KT Sonicboom,W,Starter,PG,32.47,16,6,13,0.462,4,6,0.667,0,0,0,1,1,2,6,1,0,0,4,0.615384615,30.4,2,7,0.286,0.4,2
양준석,24-25,1-11-2025,0,Changwon LG Sakers,Anyang KGC,W,Starter,PG,36.67,2,1,6,0.167,0,1,0,0,0,0,1,1,2,6,0,0,4,2,0.166666667,9.4,1,5,0.2,0.273,2
양준석,24-25,1-9-2025,0,Changwon LG Sakers,Seoul Samsung Thunders,L,Starter,PG,32.42,12,5,12,0.417,2,5,0.4,0,0,0,1,4,5,10,3,0,1,5,0.5,41,3,7,0.429,0.401,4
양준석,24-25,1-5-2025,1,Changwon LG Sakers,Goyang Sono Skygunners,W,Starter,PG,29.43,9,4,9,0.444,1,3,0.333,0,0,0,2,0,2,7,1,0,1,4,0.5,23.9,3,6,0.5,0.34,1
양준석,24-25,1-4-2025,0,Changwon LG Sakers,Ulsan Mobis Phoebus,L,Starter,PG,24.23,8,4,9,0.444,0,2,0,0,0,0,0,2,2,3,0,0,0,3,0.444444444,14.9,4,7,0.571,0.371,3
양준석,24-25,1-1-2025,1,Changwon LG Sakers,Seoul SK,L,Starter,PG,33.62,17,7,13,0.538,2,4,0.5,1,1,1,3,2,5,9,2,0,0,4,0.632440476,42.5,5,9,0.556,0.4,3
양준석,24-25,12/29/2024,1,Changwon LG Sakers,Wonju Dongbu Promy,W,Starter,PG,20.43,4,2,5,0.4,0,2,0,0,0,0,0,2,2,8,0,0,0,2,0.4,18.4,2,3,0.667,0.245,1
양준석,24-25,12/28/2024,1,Changwon LG Sakers,Suwon KT Sonicboom,W,Starter,PG,28.02,9,3,6,0.5,1,2,0.5,2,3,0.667,0,0,0,7,2,0,1,4,0.614754098,24.5,2,4,0.5,0.297,2
양준석,24-25,12/26/2024,0,Changwon LG Sakers,Korea Gas Corporation,W,Starter,PG,22.13,10,4,6,0.667,2,2,1,0,0,0,0,3,3,3,0,0,1,1,0.833333333,17.1,2,4,0.5,0.316,4
양준석,24-25,12/22/2024,0,Changwon LG Sakers,Anyang KGC,W,Starter,PG,27.58,9,4,10,0.4,1,5,0.2,0,0,0,0,0,0,6,0,0,2,2,0.45,16,3,5,0.6,0.435,2
양준석,24-25,12/20/2024,1,Changwon LG Sakers,Jeonju KCC Egis,W,Starter,PG,31.57,11,4,6,0.667,1,3,0.333,2,2,1,1,3,4,6,0,0,3,3,0.799418605,21.8,3,3,1,0.313,3
양준석,24-25,12/17/2024,1,Changwon LG Sakers,Seoul Samsung Thunders,W,Starter,PG,29.17,8,3,6,0.5,1,2,0.5,1,1,1,0,3,3,2,2,0,2,3,0.621118012,18.6,2,4,0.5,0.289,2
양준석,24-25,12/15/2024,0,Changwon LG Sakers,Jeonju KCC Egis,W,Starter,PG,30.67,9,4,8,0.5,0,3,0,1,1,1,1,3,4,4,1,0,3,3,0.533175355,19.8,4,5,0.8,0.373,2
양준석,24-25,12/13/2024,0,Changwon LG Sakers,Anyang KGC,W,Starter,PG,29.48,14,6,9,0.667,2,2,1,0,0,0,1,2,3,2,2,0,0,5,0.777777778,26.6,4,7,0.571,0.305,4
양준석,24-25,12-9-2024,0,Changwon LG Sakers,Korea Gas Corporation,L,Starter,PG,29.47,8,4,12,0.333,0,4,0,0,0,0,0,1,1,8,1,0,3,4,0.333333333,21.2,4,8,0.5,0.509,2
양준석,24-25,12-7-2024,1,Changwon LG Sakers,Wonju Dongbu Promy,W,Starter,PG,28.30,17,7,14,0.5,3,5,0.6,0,0,0,1,1,2,3,1,0,2,4,0.607142857,24.9,4,9,0.444,0.565,2
양준석,24-25,12-5-2024,0,Changwon LG Sakers,Ulsan Mobis Phoebus,L,Starter,PG,30.70,12,4,13,0.308,3,5,0.6,1,2,0.5,1,0,1,9,0,1,2,2,0.432276657,27.7,1,8,0.125,0.517,5
양준석,24-25,11/30/2024,0,Changwon LG Sakers,Goyang Sono Skygunners,W,Starter,PG,25.93,6,3,4,0.75,0,0,0,0,0,0,0,1,1,9,0,0,2,5,0.75,18.7,3,4,0.75,0.231,3
양준석,24-25,11/27/2024,1,Changwon LG Sakers,Seoul SK,L,Bench,PG,12.85,0,0,0,0,0,0,0,0,0,0,0,1,1,2,1,0,2,1,,5.2,0,0,,0.156,13
양준석,24-25,11/14/2024,1,Changwon LG Sakers,Suwon KT Sonicboom,L,Bench,PG,11.98,4,2,4,0.5,0,2,0,0,0,0,0,0,0,0,1,0,1,3,0.5,6,2,2,1,0.417,4
양준석,24-25,11-10-2024,0,Changwon LG Sakers,Wonju Dongbu Promy,L,Starter,PG,26.45,11,4,9,0.444,1,3,0.333,2,2,1,0,2,2,4,1,0,0,2,0.556680162,22.4,3,6,0.5,0.374,1
양준석,24-25,11-9-2024,0,Changwon LG Sakers,Suwon KT Sonicboom,L,Starter,PG,23.45,0,0,6,0,0,3,0,0,0,0,0,4,4,6,1,0,1,4,0,15.8,0,3,0,0.299,2
양준석,24-25,11-7-2024,0,Changwon LG Sakers,Seoul Samsung Thunders,L,Starter,PG,29.35,14,6,8,0.75,0,1,0,2,2,1,1,3,4,6,1,0,3,3,0.788288288,27.8,6,7,0.857,0.405,4
양준석,24-25,11-3-2024,1,Changwon LG Sakers,Ulsan Mobis Phoebus,L,Starter,PG,34.88,12,5,11,0.455,0,2,0,2,3,0.667,2,0,2,3,0,0,0,2,0.487012987,18.9,5,9,0.556,0.353,2
양준석,24-25,11-1-2024,1,Changwon LG Sakers,Seoul SK,L,Starter,PG,33.53,10,4,10,0.4,0,3,0,2,2,1,1,1,2,6,3,0,2,3,0.459558824,28.4,4,7,0.571,0.384,6
양준석,24-25,10/26/2024,0,Changwon LG Sakers,Goyang Sono Skygunners,L,Starter,PG,35.10,13,5,13,0.385,3,5,0.6,0,0,0,1,1,2,8,0,0,2,2,0.5,25.4,2,8,0.25,0.427,2
양준석,24-25,10/24/2024,1,Changwon LG Sakers,Anyang KGC,W,Starter,PG,30.90,22,8,12,0.667,2,5,0.4,4,5,0.8,1,1,2,9,0,0,0,3,0.774647887,37.9,6,7,0.857,0.46,3
양준석,24-25,10/21/2024,1,Changwon LG Sakers,Jeonju KCC Egis,W,Starter,PG,31.83,7,3,7,0.429,1,4,0.25,0,0,0,1,2,3,7,1,0,2,1,0.5,22.1,2,3,0.667,0.283,2
양준석,24-25,10/19/2024,1,Changwon LG Sakers,Korea Gas Corporation,W,Starter,PG,27.47,7,1,6,0.167,1,4,0.25,4,7,0.571,1,0,1,5,0,0,2,3,0.385462555,13.7,0,2,0,0.403,
양준석,23-24,3/31/2024,0,Changwon LG Sakers,Seoul Samsung Thunders,W,Starter,PG,15.32,3,1,2,0.5,1,1,1,0,0,0,1,1,2,3,2,0,2,4,0.75,13.9,0,1,0,0.261,3
양준석,23-24,3/28/2024,0,Changwon LG Sakers,Seoul SK,L,Bench,PG,20.17,7,3,6,0.5,1,3,0.333,0,0,0,4,0,4,2,1,0,0,2,0.583333333,17.8,2,3,0.667,0.297,4
양준석,23-24,3/24/2024,0,Changwon LG Sakers,Ulsan Mobis Phoebus,W,Bench,PG,10.63,7,3,5,0.6,1,1,1,0,0,0,0,1,1,2,1,0,0,0,0.7,14.2,2,4,0.5,0.47,2
양준석,23-24,3/22/2024,0,Changwon LG Sakers,Jeonju KCC Egis,W,Bench,PG,9.58,2,1,4,0.25,0,0,0,0,0,0,0,1,1,0,1,0,0,2,0.25,6.2,1,4,0.25,0.418,3
양준석,23-24,3/19/2024,1,Changwon LG Sakers,Anyang KGC,W,Bench,PG,12.70,2,1,5,0.2,0,2,0,0,0,0,0,0,0,2,0,0,2,1,0.2,3,1,3,0.333,0.551,2
양준석,23-24,3/17/2024,1,Changwon LG Sakers,Wonju Dongbu Promy,W,Bench,PG,10.75,4,1,2,0.5,0,0,0,2,2,1,0,1,1,2,1,0,1,1,0.694444444,10.2,1,2,0.5,0.361,2
양준석,23-24,3/15/2024,0,Changwon LG Sakers,Goyang Sono Skygunners,W,Bench,PG,21.48,4,2,4,0.5,0,2,0,0,0,0,0,4,4,2,0,0,2,2,0.5,9.8,2,2,1,0.279,4
양준석,23-24,3-11-2024,1,Changwon LG Sakers,Suwon KT Sonicboom,W,Bench,PG,10.88,0,0,1,0,0,1,0,0,0,0,0,1,1,1,0,0,1,1,0,1.7,0,0,,0.184,4
양준석,23-24,3-7-2024,1,Changwon LG Sakers,Korea Gas Corporation,W,Bench,PG,16.82,10,4,7,0.571,2,4,0.5,0,0,0,0,1,1,3,0,0,0,0,0.714285714,15.7,2,3,0.667,0.416,4
양준석,23-24,3-3-2024,0,Changwon LG Sakers,Suwon KT Sonicboom,W,Bench,PG,10.70,2,1,2,0.5,0,1,0,0,0,0,0,1,1,1,0,0,0,1,0.5,4.7,1,1,1,0.187,2
양준석,23-24,3-1-2024,1,Changwon LG Sakers,Anyang KGC,W,Bench,PG,19.92,2,1,2,0.5,0,1,0,0,0,0,0,4,4,7,0,0,2,3,0.5,15.3,1,1,1,0.201,15
양준석,23-24,2/15/2024,0,Changwon LG Sakers,Seoul SK,W,Bench,PG,13.85,8,4,5,0.8,0,0,0,0,0,0,0,2,2,2,1,0,1,1,0.8,15.4,4,5,0.8,0.433,3
양준석,23-24,2-12-2024,1,Changwon LG Sakers,Ulsan Mobis Phoebus,L,Bench,PG,8.92,0,0,1,0,0,1,0,0,0,0,0,0,0,4,0,0,1,2,0,5,0,0,,0.224,2
양준석,23-24,2-10-2024,0,Changwon LG Sakers,Korea Gas Corporation,W,Bench,PG,4.42,0,0,0,0,0,0,0,0,0,0,0,0,0,1,0,0,1,0,,0.5,0,0,,0.226,2
양준석,23-24,2-8-2024,0,Changwon LG Sakers,Jeonju KCC Egis,L,Bench,PG,22.78,5,2,8,0.25,0,5,0,1,2,0.5,0,0,0,2,0,0,1,4,0.281531532,7,2,3,0.667,0.434,2
양준석,23-24,2-6-2024,1,Changwon LG Sakers,Wonju Dongbu Promy,L,Bench,PG,16.08,3,1,4,0.25,1,1,1,0,0,0,0,1,1,3,2,0,1,1,0.375,13.7,0,3,0,0.311,3
양준석,23-24,2-3-2024,1,Changwon LG Sakers,Seoul Samsung Thunders,L,Starter,PG,17.98,5,2,7,0.286,1,3,0.333,0,0,0,0,1,1,2,2,0,0,2,0.357142857,15.2,1,4,0.25,0.389,2
양준석,23-24,2-1-2024,0,Changwon LG Sakers,Goyang Sono Skygunners,W,Starter,PG,18.53,4,2,5,0.4,0,2,0,0,0,0,0,2,2,4,0,0,3,1,0.4,9.4,2,3,0.667,0.432,4
양준석,23-24,1/28/2024,0,Changwon LG Sakers,Suwon KT Sonicboom,W,Bench,PG,10.93,4,2,6,0.333,0,1,0,0,0,0,0,0,0,0,1,0,1,1,0.333333333,6,2,5,0.4,0.64,2
양준석,23-24,1/26/2024,1,Changwon LG Sakers,Seoul Samsung Thunders,W,Bench,PG,13.87,4,2,3,0.667,0,0,0,0,0,0,0,2,2,4,1,0,1,2,0.666666667,14.4,2,3,0.667,0.288,5
양준석,23-24,1/21/2024,0,Changwon LG Sakers,Wonju Dongbu Promy,L,Bench,PG,27.17,13,5,8,0.625,3,4,0.75,0,0,0,1,2,3,4,0,0,1,3,0.8125,21.6,2,4,0.5,0.331,2
양준석,23-24,1/19/2024,1,Changwon LG Sakers,Jeonju KCC Egis,W,Bench,PG,13.62,2,1,2,0.5,0,1,0,0,0,0,0,1,1,2,0,0,0,3,0.5,6.2,1,1,1,0.147,10
양준석,23-24,1-9-2024,1,Changwon LG Sakers,Seoul SK,L,Bench,PG,25.25,11,4,8,0.5,1,3,0.333,2,2,1,0,1,1,0,2,0,0,1,0.619369369,18.2,3,5,0.6,0.352,2
양준석,23-24,1-7-2024,1,Changwon LG Sakers,Ulsan Mobis Phoebus,W,Bench,PG,15.42,6,3,5,0.6,0,0,0,0,0,0,1,4,5,2,0,0,0,3,0.6,15,3,5,0.6,0.324,1
양준석,23-24,1-6-2024,1,Changwon LG Sakers,Korea Gas Corporation,L,Bench,PG,13.63,0,0,0,0,0,0,0,0,0,0,1,3,4,4,1,0,0,1,,13.8,0,0,,0,4
양준석,23-24,1-2-2024,0,Changwon LG Sakers,Anyang KGC,L,Bench,PG,4.77,3,1,1,1,0,0,0,1,1,1,0,0,0,1,0,0,0,2,1.041666667,4.5,1,1,1,0.302,2
양준석,23-24,12/31/2023,1,Changwon LG Sakers,Goyang Sono Skygunners,W,Bench,PG,11.08,2,1,2,0.5,0,0,0,0,0,0,0,1,1,1,0,0,1,0,0.5,3.7,1,2,0.5,0.271,2
양준석,23-24,12/29/2023,0,Changwon LG Sakers,Wonju Dongbu Promy,L,Bench,PG,14.10,2,1,6,0.167,0,2,0,0,0,0,1,1,2,0,1,0,0,0,0.166666667,7.4,1,4,0.25,0.426,3
양준석,23-24,12/26/2023,1,Changwon LG Sakers,Anyang KGC,W,Bench,PG,16.93,7,2,2,1,0,0,0,3,4,0.75,1,1,2,4,0,0,1,1,0.930851064,14.4,2,2,1,0.281,2
양준석,23-24,12/24/2023,0,Changwon LG Sakers,Jeonju KCC Egis,L,Starter,PG,13.42,1,0,4,0,0,1,0,1,2,0.5,0,0,0,2,0,0,0,0,0.102459016,4,0,3,0,0.364,1
양준석,23-24,12/23/2023,1,Changwon LG Sakers,Seoul SK,L,Bench,PG,7.55,2,1,3,0.333,0,0,0,0,0,0,0,0,0,0,0,0,0,1,0.333333333,2,1,3,0.333,0.397,6
양준석,23-24,12/17/2023,1,Changwon LG Sakers,Seoul Samsung Thunders,W,Starter,PG,18.63,0,0,4,0,0,0,0,0,0,0,2,3,5,6,0,1,0,2,0,18,0,4,0,0.215,1
양준석,23-24,12/16/2023,0,Changwon LG Sakers,Korea Gas Corporation,L,Starter,PG,15.98,5,2,5,0.4,1,3,0.333,0,0,0,0,0,0,0,0,0,1,3,0.5,4,1,2,0.5,0.375,5
양준석,23-24,12-11-2023,0,Changwon LG Sakers,Ulsan Mobis Phoebus,W,Starter,PG,11.07,11,5,7,0.714,1,2,0.5,0,0,0,0,2,2,2,0,0,1,4,0.785714286,15.4,4,5,0.8,0.723,2
양준석,23-24,12-9-2023,1,Changwon LG Sakers,Suwon KT Sonicboom,W,Starter,PG,14.38,2,0,1,0,0,0,0,2,2,1,0,1,1,3,0,0,2,3,0.531914894,5.7,0,1,0,0.27,2
양준석,23-24,12-7-2023,1,Changwon LG Sakers,Jeonju KCC Egis,W,Bench,PG,1.80,0,0,0,0,0,0,0,0,0,0,0,0,0,0,0,0,0,0,,0,0,0,,0,2
양준석,23-24,12-5-2023,0,Changwon LG Sakers,Seoul Samsung Thunders,W,Starter,PG,15.07,7,3,4,0.75,0,0,0,1,1,1,0,2,2,2,1,0,1,2,0.788288288,14.4,3,4,0.75,0.361,3
양준석,23-24,12-2-2023,0,Changwon LG Sakers,Wonju Dongbu Promy,W,Bench,PG,6.63,2,1,2,0.5,0,1,0,0,0,0,0,0,0,1,0,0,2,2,0.5,1.5,1,1,1,0.603,2
양준석,23-24,11/30/2023,0,Changwon LG Sakers,Seoul SK,W,Starter,PG,11.25,2,1,6,0.167,0,1,0,0,0,0,0,1,1,1,0,0,1,2,0.166666667,3.7,1,5,0.2,0.622,2
양준석,23-24,11/28/2023,0,Changwon LG Sakers,Suwon KT Sonicboom,L,Bench,PG,5.10,0,0,0,0,0,0,0,0,0,0,0,0,0,1,1,0,0,0,,4.5,0,0,,0,3
양준석,23-24,11/25/2023,1,Changwon LG Sakers,Goyang Sono Skygunners,W,Bench,PG,14.95,2,1,3,0.333,0,1,0,0,0,0,0,1,1,1,2,0,1,2,0.333333333,9.7,1,2,0.5,0.268,2
양준석,23-24,11/23/2023,1,Changwon LG Sakers,Ulsan Mobis Phoebus,W,Starter,PG,23.57,9,4,6,0.667,1,1,1,0,0,0,0,0,0,2,1,0,2,1,0.75,13,3,5,0.6,0.339,4
양준석,23-24,11/19/2023,1,Changwon LG Sakers,Korea Gas Corporation,W,Bench,PG,5.05,0,0,1,0,0,0,0,0,0,0,0,0,0,2,0,0,0,0,0,3,0,1,0,0.198,2
양준석,23-24,11/17/2023,0,Changwon LG Sakers,Anyang KGC,W,Bench,PG,7.05,5,2,2,1,1,1,1,0,0,0,0,1,1,1,1,0,1,1,1.25,9.7,1,1,1,0.426,5
양준석,23-24,11-12-2023,0,Changwon LG Sakers,Anyang KGC,L,Bench,PG,8.40,3,1,2,0.5,1,1,1,0,0,0,0,0,0,0,0,0,0,2,0.75,3,0,1,0,0.238,2
양준석,23-24,11-10-2023,1,Changwon LG Sakers,Jeonju KCC Egis,W,Bench,PG,24.22,5,2,5,0.4,0,1,0,1,2,0.5,0,5,5,6,0,0,0,3,0.425170068,20,2,4,0.5,0.243,6
양준석,23-24,11-4-2023,1,Changwon LG Sakers,Seoul SK,W,Starter,PG,14.12,7,3,6,0.5,1,2,0.5,0,0,0,0,1,1,2,0,0,1,2,0.583333333,10.2,2,4,0.5,0.496,2
양준석,23-24,11-2-2023,1,Changwon LG Sakers,Goyang Sono Skygunners,W,Starter,PG,17.15,4,1,4,0.25,0,1,0,2,2,1,0,0,0,3,0,0,0,2,0.409836066,8.5,1,3,0.333,0.285,4
양준석,23-24,10/29/2023,0,Changwon LG Sakers,Seoul Samsung Thunders,W,Starter,PG,14.03,0,0,2,0,0,0,0,0,0,0,0,0,0,2,0,0,0,2,0,3,0,2,0,0.143,1
양준석,23-24,10/28/2023,0,Changwon LG Sakers,Korea Gas Corporation,W,Starter,PG,14.38,7,3,5,0.6,1,1,1,0,0,0,0,2,2,3,0,0,1,2,0.7,12.9,2,4,0.5,0.417,2
양준석,23-24,10/26/2023,1,Changwon LG Sakers,Wonju Dongbu Promy,L,Starter,PG,15.88,2,1,7,0.143,0,4,0,0,0,0,1,0,1,6,0,0,1,3,0.142857143,11.2,1,3,0.333,0.504,3
양준석,23-24,10/23/2023,0,Changwon LG Sakers,Ulsan Mobis Phoebus,L,Starter,PG,33.25,8,3,10,0.3,0,3,0,2,2,1,0,4,4,3,0,0,2,3,0.367647059,15.3,3,7,0.429,0.387,2
양준석,23-24,10/21/2023,1,Changwon LG Sakers,Suwon KT Sonicboom,L,Starter,PG,13.97,0,0,3,0,0,2,0,0,2,0,0,4,4,1,0,0,0,0,0,6.3,0,1,0,0.278,
윤원상,25-26,4-8-2026,0,Changwon LG Sakers,Ulsan Mobis Phoebus,L,Bench,PG,19.12,5,2,10,0.2,1,7,0.143,0,0,0,0,0,0,3,1,0,0,1,0.25,12.5,1,3,0.333,0.523,3
윤원상,25-26,4-5-2026,1,Changwon LG Sakers,Jeonju KCC Egis,L,Bench,PG,12.63,8,3,6,0.5,2,3,0.667,0,0,0,0,1,1,1,0,0,0,0,0.666666667,10.7,1,3,0.333,0.475,2
윤원상,25-26,4-3-2026,0,Changwon LG Sakers,Suwon KT Sonicboom,W,Bench,PG,9.77,2,1,2,0.5,0,1,0,0,0,0,1,2,3,1,0,0,1,0,0.5,6.1,1,1,1,0.307,3
윤원상,25-26,3/31/2026,0,Changwon LG Sakers,Anyang KGC,L,Bench,PG,1.40,0,0,0,0,0,0,0,0,0,0,0,0,0,0,0,0,0,0,,0,0,0,,0,2
윤원상,25-26,3/29/2026,1,Changwon LG Sakers,Seoul SK,W,Bench,PG,6.43,3,1,1,1,1,1,1,0,0,0,0,0,0,0,1,0,0,0,1.5,6,0,0,,0.156,3
윤원상,25-26,3/26/2026,0,Changwon LG Sakers,Korea Gas Corporation,W,Bench,PG,3.75,0,0,0,0,0,0,0,0,0,0,1,1,2,1,0,0,1,2,,2.9,0,0,,0.267,11
윤원상,25-26,3/15/2026,0,Changwon LG Sakers,Wonju Dongbu Promy,W,Bench,PG,4.38,0,0,0,0,0,0,0,0,0,0,1,0,1,0,0,0,1,0,,0.2,0,0,,0.228,2
윤원상,25-26,3/13/2026,1,Changwon LG Sakers,Seoul Samsung Thunders,W,Bench,PG,8.30,7,2,2,1,2,2,1,1,2,0.5,0,1,1,0,0,0,0,1,1.215277778,8.2,0,0,,0.347,2
윤원상,25-26,3-11-2026,1,Changwon LG Sakers,Goyang Sono Skygunners,L,Bench,PG,3.10,0,0,2,0,0,1,0,0,0,0,0,0,0,0,0,0,0,1,0,0,0,1,0,0.645,3
윤원상,25-26,3-8-2026,1,Changwon LG Sakers,Seoul SK,L,Bench,PG,8.70,2,1,1,1,0,0,0,0,0,0,0,2,2,1,0,0,0,0,1,5.9,1,1,1,0.115,2
윤원상,25-26,3-6-2026,1,Changwon LG Sakers,Ulsan Mobis Phoebus,W,Bench,PG,6.83,3,1,2,0.5,1,2,0.5,0,0,0,0,0,0,1,0,0,1,1,0.75,3.5,0,0,,0.439,16
윤원상,25-26,2/18/2026,0,Changwon LG Sakers,Jeonju KCC Egis,W,Bench,PG,4.30,3,1,3,0.333,1,2,0.5,0,0,0,0,0,0,0,0,0,0,0,0.5,3,0,1,0,0.698,2
윤원상,25-26,2/16/2026,1,Changwon LG Sakers,Goyang Sono Skygunners,L,Bench,PG,6.00,2,1,2,0.5,0,1,0,0,0,0,0,0,0,0,1,0,0,3,0.5,5,1,1,1,0.333,2
윤원상,25-26,2/14/2026,1,Changwon LG Sakers,Wonju Dongbu Promy,W,Bench,PG,6.78,3,1,4,0.25,1,2,0.5,0,0,0,0,0,0,1,0,0,2,1,0.375,2.5,0,2,0,0.885,4
윤원상,25-26,2-10-2026,0,Changwon LG Sakers,Korea Gas Corporation,L,Bench,PG,10.78,4,2,6,0.333,0,2,0,0,0,0,2,2,4,2,0,0,3,4,0.333333333,8.8,2,4,0.5,0.835,2
윤원상,25-26,2-8-2026,0,Changwon LG Sakers,Anyang KGC,W,Bench,PG,12.85,3,1,3,0.333,0,1,0,1,2,0.5,1,0,1,2,2,0,1,2,0.386597938,12.2,1,2,0.5,0.38,3
윤원상,25-26,2-5-2026,0,Changwon LG Sakers,Seoul Samsung Thunders,W,Starter,SG,21.08,13,5,8,0.625,3,5,0.6,0,0,0,0,3,3,2,0,0,1,0,0.8125,18.6,2,3,0.667,0.427,2
윤원상,25-26,2-3-2026,1,Changwon LG Sakers,Suwon KT Sonicboom,W,Bench,PG,8.83,2,1,2,0.5,0,1,0,0,0,0,0,2,2,0,1,0,0,2,0.5,7.4,1,1,1,0.227,3
윤원상,25-26,1/31/2026,1,Changwon LG Sakers,Ulsan Mobis Phoebus,W,Bench,PG,11.57,6,2,5,0.4,1,3,0.333,1,2,0.5,2,1,3,2,0,0,0,0,0.510204082,12.6,1,2,0.5,0.508,3
윤원상,25-26,1/28/2026,1,Changwon LG Sakers,Wonju Dongbu Promy,L,Bench,PG,7.63,0,0,1,0,0,1,0,0,0,0,1,0,1,2,0,0,1,1,0,3.2,0,0,,0.262,3
윤원상,25-26,1/25/2026,1,Changwon LG Sakers,Anyang KGC,W,Bench,PG,15.32,5,1,4,0.25,1,3,0.333,2,2,1,0,1,1,1,1,0,1,3,0.512295082,9.7,0,1,0,0.384,2
윤원상,25-26,1/23/2026,0,Changwon LG Sakers,Jeonju KCC Egis,W,Bench,PG,19.82,2,1,8,0.125,0,6,0,0,0,0,0,0,0,0,0,0,2,2,0.125,0,1,2,0.5,0.505,8
윤원상,25-26,1/15/2026,0,Changwon LG Sakers,Seoul SK,L,Starter,SG,21.70,18,7,12,0.583,4,9,0.444,0,0,0,0,1,1,2,0,0,1,4,0.75,21.2,3,3,1,0.599,3
윤원상,25-26,1-12-2026,0,Changwon LG Sakers,Korea Gas Corporation,L,Bench,PG,11.82,6,2,6,0.333,2,5,0.4,0,0,0,0,0,0,3,0,0,0,1,0.5,10.5,0,1,0,0.508,2
윤원상,25-26,1-10-2026,1,Changwon LG Sakers,Goyang Sono Skygunners,W,Bench,PG,11.03,3,1,1,1,1,1,1,0,0,0,0,1,1,0,0,0,2,1,1.5,2.2,0,0,,0.272,3
윤원상,25-26,1-7-2026,1,Changwon LG Sakers,Seoul Samsung Thunders,W,Bench,PG,15.23,4,1,5,0.2,0,1,0,2,3,0.667,0,1,1,4,0,0,2,1,0.316455696,9.2,1,4,0.25,0.546,3
윤원상,25-26,1-4-2026,0,Changwon LG Sakers,Suwon KT Sonicboom,L,Bench,PG,8.73,3,1,2,0.5,1,1,1,0,0,0,0,1,1,1,0,0,0,0,0.75,5.7,0,1,0,0.229,2
윤원상,25-26,1-2-2026,0,Changwon LG Sakers,Seoul Samsung Thunders,W,Bench,PG,13.27,10,3,6,0.5,2,3,0.667,2,3,0.667,0,2,2,0,0,0,0,2,0.683060109,12.4,1,3,0.333,0.552,2
윤원상,25-26,12/31/2025,0,Changwon LG Sakers,Ulsan Mobis Phoebus,W,Bench,PG,15.13,7,2,3,0.667,1,1,1,2,4,0.5,0,1,1,1,0,0,2,0,0.735294118,7.7,1,2,0.5,0.447,3
윤원상,25-26,12/28/2025,1,Changwon LG Sakers,Anyang KGC,L,Bench,PG,17.67,1,0,2,0,0,2,0,1,2,0.5,2,2,4,2,0,0,2,2,0.173611111,6.8,0,0,,0.276,2
윤원상,25-26,12/26/2025,0,Changwon LG Sakers,Jeonju KCC Egis,W,Starter,PG,44.18,19,7,15,0.467,5,10,0.5,0,0,0,3,4,7,10,2,0,1,2,0.633333333,47.4,2,5,0.4,0.362,3
윤원상,25-26,12/23/2025,1,Changwon LG Sakers,Korea Gas Corporation,W,Bench,PG,17.52,4,2,7,0.286,0,3,0,0,0,0,1,1,2,0,0,0,1,2,0.285714286,5.4,2,4,0.5,0.457,2
윤원상,25-26,12/21/2025,1,Changwon LG Sakers,Wonju Dongbu Promy,W,Bench,PG,19.68,15,5,7,0.714,5,7,0.714,0,0,0,0,0,0,0,0,0,0,2,1.071428571,15,0,0,,0.356,7
윤원상,25-26,12/14/2025,0,Changwon LG Sakers,Goyang Sono Skygunners,W,Bench,PG,11.73,0,0,2,0,0,2,0,0,0,0,0,1,1,1,0,0,1,2,0,1.7,0,0,,0.256,1
윤원상,25-26,12/13/2025,0,Changwon LG Sakers,Seoul SK,L,Bench,PG,17.35,5,2,9,0.222,1,5,0.2,0,0,0,0,1,1,0,0,0,0,3,0.277777778,6.2,1,4,0.25,0.519,6
윤원상,25-26,12-7-2025,1,Changwon LG Sakers,Suwon KT Sonicboom,W,Starter,PG,27.00,6,2,6,0.333,2,5,0.4,0,0,0,0,1,1,3,1,0,1,2,0.5,13.7,0,1,0,0.259,1
윤원상,25-26,12-6-2025,1,Changwon LG Sakers,Ulsan Mobis Phoebus,W,Starter,PG,18.63,13,4,7,0.571,2,3,0.667,3,4,0.75,0,0,0,0,3,0,1,2,0.742009132,21,2,4,0.5,0.524,2
윤원상,25-26,12-4-2025,1,Changwon LG Sakers,Korea Gas Corporation,L,Bench,PG,5.70,0,0,1,0,0,1,0,0,0,0,0,0,0,0,0,0,2,1,0,-2,0,0,,0.526,
윤원상,23-24,3/31/2024,0,Changwon LG Sakers,Seoul Samsung Thunders,W,Bench,SG,23.65,9,3,6,0.5,2,4,0.5,1,2,0.5,1,3,4,2,0,0,0,3,0.654069767,16.8,1,2,0.5,0.291,89
윤원상,23-24,1-2-2024,1,Changwon LG Sakers,Anyang KGC,L,Starter,SG,5.82,0,0,2,0,0,2,0,0,0,0,0,0,0,0,0,0,0,1,0,0,0,0,,0.344,2
윤원상,23-24,12/31/2023,1,Changwon LG Sakers,Goyang Sono Skygunners,W,Bench,SG,0.80,0,0,1,0,0,1,0,0,0,0,0,0,0,0,0,0,0,0,0,0,0,0,,1.25,26
윤원상,23-24,12-5-2023,0,Changwon LG Sakers,Seoul Samsung Thunders,W,Bench,SG,2.67,0,0,4,0,0,3,0,0,0,0,0,0,0,0,1,0,0,0,0,3,0,1,0,1.498,3
윤원상,23-24,12-2-2023,0,Changwon LG Sakers,Wonju Dongbu Promy,W,Bench,SG,1.88,3,1,1,1,1,1,1,0,0,0,0,1,1,0,0,0,0,0,1.5,4.2,0,0,,0.532,2
윤원상,23-24,11/30/2023,0,Changwon LG Sakers,Seoul SK,W,Bench,SG,1.90,0,0,2,0,0,1,0,0,0,0,0,0,0,0,1,0,0,0,0,3,0,1,0,1.053,2
윤원상,23-24,11/28/2023,0,Changwon LG Sakers,Suwon KT Sonicboom,L,Bench,SG,3.27,0,0,0,0,0,0,0,0,0,0,0,0,0,0,0,0,1,0,,-1,0,0,,0.306,3
윤원상,23-24,11/25/2023,1,Changwon LG Sakers,Goyang Sono Skygunners,W,Bench,SG,9.10,2,0,2,0,0,2,0,2,2,1,0,1,1,0,0,0,0,1,0.347222222,3.2,0,0,,0.316,2
윤원상,23-24,11/23/2023,1,Changwon LG Sakers,Ulsan Mobis Phoebus,W,Bench,SG,13.57,2,1,3,0.333,0,1,0,0,0,0,0,3,3,0,0,0,0,3,0.333333333,5.6,1,2,0.5,0.221,11
윤원상,23-24,11-12-2023,0,Changwon LG Sakers,Anyang KGC,L,Starter,SG,14.87,2,0,4,0,0,3,0,2,2,1,0,0,0,2,1,0,0,0,0.204918033,8,0,1,0,0.328,2
윤원상,23-24,11-10-2023,1,Changwon LG Sakers,Jeonju KCC Egis,W,Starter,SG,11.63,3,1,2,0.5,1,2,0.5,0,0,0,0,1,1,0,0,0,0,0,0.75,4.2,0,0,,0.172,6
윤원상,23-24,11-4-2023,1,Changwon LG Sakers,Seoul SK,W,Bench,SG,9.53,2,1,3,0.333,0,2,0,0,0,0,0,0,0,0,0,0,0,0,0.333333333,2,1,1,1,0.315,2
윤원상,23-24,11-2-2023,1,Changwon LG Sakers,Goyang Sono Skygunners,W,Bench,SG,15.90,2,1,4,0.25,0,2,0,0,0,0,0,3,3,1,0,0,0,1,0.25,7.1,1,2,0.5,0.252,4
윤원상,23-24,10/29/2023,0,Changwon LG Sakers,Seoul Samsung Thunders,W,Bench,SG,1.53,0,0,0,0,0,0,0,0,0,0,0,0,0,0,0,0,0,0,,0,0,0,,0,1
윤원상,23-24,10/28/2023,0,Changwon LG Sakers,Korea Gas Corporation,W,Bench,SG,24.33,7,3,7,0.429,1,5,0.2,0,0,0,1,2,3,1,0,0,0,1,0.5,12.1,2,2,1,0.288,2
윤원상,23-24,10/26/2023,1,Changwon LG Sakers,Wonju Dongbu Promy,L,Bench,SG,16.60,3,1,5,0.2,0,3,0,1,2,0.5,1,1,2,2,0,0,2,2,0.255102041,6.4,1,2,0.5,0.475,3
윤원상,23-24,10/23/2023,0,Changwon LG Sakers,Ulsan Mobis Phoebus,L,Starter,SG,20.23,7,2,3,0.667,1,1,1,2,2,1,1,3,4,0,1,0,0,1,0.902061856,14.8,1,2,0.5,0.192,2
윤원상,23-24,10/21/2023,1,Changwon LG Sakers,Suwon KT Sonicboom,L,Starter,SG,11.32,4,2,5,0.4,0,3,0,0,0,0,2,1,3,0,0,0,0,0,0.4,7.6,2,2,1,0.442,
Tamayo,25-26,4-5-2026,1,Changwon LG Sakers,Jeonju KCC Egis,L,Starter,PF,30.45,7,3,11,0.273,1,7,0.143,0,0,0,1,5,6,3,4,1,4,3,0.318181818,29.7,2,4,0.5,0.493,2
Tamayo,25-26,4-3-2026,0,Changwon LG Sakers,Suwon KT Sonicboom,W,Starter,SF,29.30,11,5,12,0.417,0,3,0,1,1,1,0,4,4,2,0,1,2,3,0.442122186,19.8,5,9,0.556,0.493,3
Tamayo,25-26,3/31/2026,0,Changwon LG Sakers,Anyang KGC,L,Starter,SF,37.07,18,6,14,0.429,3,7,0.429,3,4,0.75,1,2,3,3,0,2,1,2,0.57106599,31.1,3,7,0.429,0.452,2
Tamayo,25-26,3/29/2026,1,Changwon LG Sakers,Seoul SK,W,Starter,PF,36.37,9,3,12,0.25,0,5,0,3,5,0.6,2,10,12,1,0,1,3,4,0.316901408,24.9,3,7,0.429,0.473,3
Tamayo,25-26,3/26/2026,0,Changwon LG Sakers,Korea Gas Corporation,W,Starter,PF,32.57,20,9,19,0.474,2,4,0.5,0,0,0,2,6,8,1,0,0,1,3,0.526315789,30.1,7,15,0.467,0.614,11
Tamayo,25-26,3/15/2026,0,Changwon LG Sakers,Wonju Dongbu Promy,W,Starter,PF,36.80,19,9,17,0.529,1,4,0.25,0,2,0,1,2,3,2,1,1,4,1,0.531319911,27.6,8,13,0.615,0.595,2
Tamayo,25-26,3/13/2026,1,Changwon LG Sakers,Seoul Samsung Thunders,W,Starter,PF,26.05,11,4,13,0.308,0,2,0,3,6,0.5,2,1,3,2,1,0,1,0,0.351662404,19.6,4,11,0.364,0.639,2
Tamayo,25-26,3-11-2026,1,Changwon LG Sakers,Goyang Sono Skygunners,L,Starter,PF,30.48,13,6,15,0.4,1,5,0.2,0,0,0,2,6,8,3,0,0,3,3,0.433333333,24.1,5,10,0.5,0.591,3
Tamayo,25-26,3-8-2026,1,Changwon LG Sakers,Seoul SK,L,Starter,PF,26.92,8,3,11,0.273,2,6,0.333,0,2,0,1,5,6,2,0,0,1,1,0.336700337,17.2,1,5,0.2,0.478,2
Tamayo,25-26,3-6-2026,1,Changwon LG Sakers,Ulsan Mobis Phoebus,W,Starter,PF,24.27,8,4,8,0.5,0,2,0,0,0,0,1,4,5,1,0,0,0,2,0.5,15.5,4,6,0.667,0.33,16
Tamayo,25-26,2/18/2026,0,Changwon LG Sakers,Jeonju KCC Egis,W,Bench,PF,17.93,4,2,7,0.286,0,2,0,0,0,0,0,3,3,2,1,0,0,3,0.285714286,13.6,2,5,0.4,0.39,2
Tamayo,25-26,2/16/2026,1,Changwon LG Sakers,Goyang Sono Skygunners,L,Starter,PF,21.28,8,3,10,0.3,1,3,0.333,1,2,0.5,0,5,5,0,0,1,2,1,0.367647059,15,2,7,0.286,0.605,2
Tamayo,25-26,2/14/2026,1,Changwon LG Sakers,Wonju Dongbu Promy,W,Starter,PF,16.55,10,4,12,0.333,1,1,1,1,2,0.5,1,1,2,2,0,0,1,0,0.388198758,14.4,3,11,0.273,0.839,14
Tamayo,25-26,1/31/2026,1,Changwon LG Sakers,Ulsan Mobis Phoebus,W,Bench,PF,8.97,0,0,4,0,0,2,0,0,0,0,0,2,2,1,0,0,1,1,0,2.9,0,2,0,0.557,3
Tamayo,25-26,1/28/2026,1,Changwon LG Sakers,Wonju Dongbu Promy,L,Starter,PF,32.70,15,6,14,0.429,1,4,0.25,2,2,1,1,7,8,5,1,0,2,3,0.504032258,33.1,5,10,0.5,0.516,21
Tamayo,25-26,1-7-2026,1,Changwon LG Sakers,Seoul Samsung Thunders,W,Starter,PF,32.52,31,12,21,0.571,3,6,0.5,4,7,0.571,0,5,5,0,1,0,3,2,0.643687708,37,9,15,0.6,0.833,3
Tamayo,25-26,1-4-2026,0,Changwon LG Sakers,Suwon KT Sonicboom,L,Starter,PF,31.55,21,10,16,0.625,1,4,0.25,0,0,0,0,2,2,2,0,0,1,1,0.65625,25.4,9,12,0.75,0.539,2
Tamayo,25-26,1-2-2026,0,Changwon LG Sakers,Seoul Samsung Thunders,W,Starter,PF,25.65,9,4,9,0.444,0,1,0,1,2,0.5,2,6,8,6,0,0,2,1,0.455465587,25.6,4,8,0.5,0.463,2
Tamayo,25-26,12/31/2025,0,Changwon LG Sakers,Ulsan Mobis Phoebus,W,Starter,PF,25.18,4,2,8,0.25,0,2,0,0,0,0,0,7,7,5,0,0,7,2,0.25,12.9,2,6,0.333,0.596,3
Tamayo,25-26,12/28/2025,1,Changwon LG Sakers,Anyang KGC,L,Bench,PF,15.75,3,1,10,0.1,0,3,0,1,2,0.5,0,2,2,3,0,0,0,0,0.137867647,9.9,1,7,0.143,0.691,2
Tamayo,25-26,12/26/2025,0,Changwon LG Sakers,Jeonju KCC Egis,W,Starter,PF,43.97,24,10,26,0.385,1,5,0.2,3,3,1,3,4,7,5,2,1,4,2,0.439238653,44.9,9,21,0.429,0.712,3
Tamayo,25-26,12/23/2025,1,Changwon LG Sakers,Korea Gas Corporation,W,Starter,PF,32.10,23,10,21,0.476,1,5,0.2,2,4,0.5,3,1,4,3,0,0,1,1,0.505272408,31.3,9,16,0.563,0.74,2
Tamayo,25-26,12/21/2025,1,Changwon LG Sakers,Wonju Dongbu Promy,W,Starter,PF,36.60,30,12,25,0.48,1,5,0.2,5,7,0.714,2,3,5,4,0,0,1,4,0.534188034,41,11,20,0.55,0.795,7
Tamayo,25-26,12/14/2025,0,Changwon LG Sakers,Goyang Sono Skygunners,W,Starter,PF,31.60,9,4,18,0.222,0,4,0,1,2,0.5,2,7,9,3,2,0,1,3,0.238347458,29.3,4,14,0.286,0.629,1
Tamayo,25-26,12/13/2025,0,Changwon LG Sakers,Seoul SK,L,Starter,PF,22.23,10,3,9,0.333,1,5,0.2,3,6,0.5,0,4,4,3,0,0,1,1,0.429553265,18.3,2,4,0.5,0.569,6
Tamayo,25-26,12-7-2025,1,Changwon LG Sakers,Suwon KT Sonicboom,W,Bench,PF,17.45,1,0,2,0,0,1,0,1,6,0.167,0,3,3,4,0,0,1,3,0.107758621,9.6,0,1,0,0.323,1
Tamayo,25-26,12-6-2025,1,Changwon LG Sakers,Ulsan Mobis Phoebus,W,Starter,PF,28.60,24,10,16,0.625,3,4,0.75,1,3,0.333,1,14,15,4,1,0,3,1,0.692840647,48,7,12,0.583,0.71,2
Tamayo,25-26,12-4-2025,1,Changwon LG Sakers,Korea Gas Corporation,L,Starter,PF,33.52,13,6,15,0.4,1,3,0.333,0,0,0,0,6,6,0,0,0,2,4,0.433333333,18.2,5,12,0.417,0.507,18
Tamayo,25-26,11/16/2025,0,Changwon LG Sakers,Anyang KGC,W,Starter,PF,38.13,26,9,25,0.36,5,9,0.556,3,6,0.5,0,2,2,4,1,1,1,1,0.470332851,39.4,4,16,0.25,0.751,1
Tamayo,25-26,11/15/2025,0,Changwon LG Sakers,Suwon KT Sonicboom,W,Starter,PF,28.95,11,5,8,0.625,1,2,0.5,0,0,0,0,2,2,2,0,0,2,2,0.6875,14.4,4,6,0.667,0.345,3
Tamayo,25-26,11-12-2025,0,Changwon LG Sakers,Seoul Samsung Thunders,W,Starter,PF,37.35,34,15,24,0.625,1,4,0.25,3,5,0.6,1,2,3,1,2,1,0,2,0.648854962,48.1,14,20,0.7,0.701,2
Tamayo,25-26,11-10-2025,1,Changwon LG Sakers,Jeonju KCC Egis,W,Starter,PF,30.07,20,8,19,0.421,1,4,0.25,3,6,0.5,3,6,9,2,3,1,3,0,0.462107209,42.8,7,15,0.467,0.819,2
Tamayo,25-26,11-8-2025,0,Changwon LG Sakers,Wonju Dongbu Promy,L,Starter,PF,20.18,6,3,12,0.25,0,3,0,0,0,0,0,4,4,0,0,0,3,2,0.25,7.8,3,9,0.333,0.743,6
Tamayo,25-26,11-2-2025,0,Changwon LG Sakers,Seoul SK,W,Starter,PF,34.48,24,8,13,0.615,4,7,0.571,4,4,1,3,5,8,4,0,1,2,1,0.81300813,40.6,4,6,0.667,0.486,1
Tamayo,25-26,11-1-2025,0,Changwon LG Sakers,Goyang Sono Skygunners,L,Bench,PF,16.90,3,1,7,0.143,1,2,0.5,0,0,0,0,4,4,2,0,0,0,1,0.214285714,10.8,0,5,0,0.414,5
Tamayo,25-26,10/27/2025,1,Changwon LG Sakers,Jeonju KCC Egis,W,Starter,PF,36.20,27,10,19,0.526,4,6,0.667,3,6,0.5,1,9,10,3,1,2,2,1,0.623844732,50.5,6,13,0.462,0.653,2
Tamayo,25-26,10/25/2025,0,Changwon LG Sakers,Ulsan Mobis Phoebus,W,Starter,PF,35.50,16,7,11,0.636,0,1,0,2,2,1,0,4,4,4,3,0,2,2,0.673400673,33.8,7,10,0.7,0.391,5
Tamayo,25-26,10/20/2025,1,Changwon LG Sakers,Korea Gas Corporation,W,Starter,PF,35.12,24,10,22,0.455,1,5,0.2,3,3,1,5,3,8,2,1,1,3,1,0.51457976,39.6,9,17,0.529,0.749,2
Tamayo,25-26,10/18/2025,1,Changwon LG Sakers,Seoul Samsung Thunders,W,Starter,PF,33.97,10,3,13,0.231,1,2,0.5,3,4,0.75,1,7,8,2,1,0,2,2,0.338753388,23.6,2,11,0.182,0.493,3
Tamayo,25-26,10/15/2025,1,Changwon LG Sakers,Anyang KGC,L,Starter,PF,25.15,19,8,18,0.444,1,3,0.333,2,8,0.25,1,1,2,2,1,0,2,0,0.441449814,25.4,7,15,0.467,0.935,3
Tamayo,25-26,10-12-2025,1,Changwon LG Sakers,Suwon KT Sonicboom,W,Starter,PF,32.37,14,6,12,0.5,2,4,0.5,0,0,0,1,3,4,4,1,0,4,3,0.583333333,23.8,4,8,0.5,0.494,2
Tamayo,25-26,10-10-2025,0,Changwon LG Sakers,Goyang Sono Skygunners,W,Starter,PF,36.98,22,9,18,0.5,0,2,0,4,4,1,3,7,10,2,0,1,3,4,0.556680162,37,9,16,0.563,0.615,5
Tamayo,25-26,10-5-2025,0,Changwon LG Sakers,Wonju Dongbu Promy,W,Starter,PF,36.45,25,10,22,0.455,1,3,0.333,4,6,0.667,2,8,10,3,2,0,2,1,0.507305195,45.5,9,19,0.474,0.731,2
Tamayo,25-26,10-3-2025,1,Changwon LG Sakers,Seoul SK,L,Bench,PF,21.13,7,3,7,0.429,1,3,0.333,0,0,0,2,8,10,3,1,0,4,5,0.5,22.5,2,4,0.5,0.521,
Tamayo,24-25,4-3-2025,1,Changwon LG Sakers,Anyang KGC,W,Starter,C,19.42,16,6,11,0.545,2,4,0.5,2,2,1,3,3,6,0,1,0,1,3,0.673400673,25.2,4,7,0.571,0.663,4
Tamayo,24-25,3/30/2025,0,Changwon LG Sakers,Jeonju KCC Egis,W,Starter,PF,22.73,19,9,17,0.529,1,4,0.25,0,0,0,2,5,7,0,0,0,0,2,0.558823529,27.4,8,13,0.615,0.748,2
Tamayo,24-25,3/28/2025,0,Changwon LG Sakers,Seoul SK,L,Starter,PF,34.87,9,4,16,0.25,1,6,0.167,0,0,0,0,8,8,0,0,0,5,1,0.28125,13.6,3,10,0.3,0.602,2
Tamayo,24-25,3/26/2025,0,Changwon LG Sakers,Seoul Samsung Thunders,W,Starter,PF,20.72,15,7,12,0.583,1,2,0.5,0,1,0,0,5,5,4,0,0,3,2,0.602893891,24,6,10,0.6,0.745,3
Tamayo,24-25,3/23/2025,1,Changwon LG Sakers,Korea Gas Corporation,W,Starter,PF,26.78,19,8,14,0.571,1,2,0.5,2,4,0.5,0,2,2,1,0,0,1,5,0.602791878,21.9,7,12,0.583,0.626,1
Tamayo,24-25,3/22/2025,1,Changwon LG Sakers,Suwon KT Sonicboom,L,Starter,PF,34.23,17,6,13,0.462,1,5,0.2,4,6,0.667,1,5,6,0,0,0,2,2,0.543478261,22.2,5,8,0.625,0.515,2
Tamayo,24-25,3/20/2025,1,Changwon LG Sakers,Wonju Dongbu Promy,W,Starter,PF,29.22,32,13,19,0.684,6,10,0.6,0,0,0,2,4,6,5,1,0,2,3,0.842105263,47.7,7,9,0.778,0.719,4
Tamayo,24-25,3/16/2025,0,Changwon LG Sakers,Suwon KT Sonicboom,L,Bench,PF,11.13,0,0,5,0,0,2,0,0,0,0,0,0,0,1,1,0,1,2,0,3.5,0,3,0,0.539,2
Tamayo,24-25,3/14/2025,1,Changwon LG Sakers,Ulsan Mobis Phoebus,W,Starter,PF,36.15,17,7,13,0.538,2,4,0.5,1,1,1,2,6,8,3,0,0,2,3,0.632440476,29.1,5,9,0.556,0.427,5
Tamayo,24-25,3-9-2025,1,Changwon LG Sakers,Goyang Sono Skygunners,W,Starter,PF,25.07,12,5,11,0.455,0,2,0,2,2,1,1,1,2,4,0,0,2,2,0.505050505,18.4,5,9,0.556,0.554,2
Tamayo,24-25,3-7-2025,0,Changwon LG Sakers,Korea Gas Corporation,W,Starter,PF,27.07,16,7,12,0.583,1,3,0.333,1,2,0.5,1,4,5,4,1,0,4,0,0.621118012,27,6,9,0.667,0.624,4
Tamayo,24-25,3-3-2025,0,Changwon LG Sakers,Wonju Dongbu Promy,L,Starter,PF,30.90,34,13,26,0.5,4,11,0.364,4,4,1,3,5,8,2,3,0,2,1,0.612391931,53.6,9,15,0.6,0.963,2
Tamayo,24-25,3-1-2025,1,Changwon LG Sakers,Anyang KGC,L,Starter,C,28.10,14,6,18,0.333,1,3,0.333,1,2,0.5,3,3,6,2,0,0,3,4,0.370762712,21.2,5,15,0.333,0.779,2
Tamayo,24-25,2/27/2025,1,Changwon LG Sakers,Seoul Samsung Thunders,W,Bench,PF,15.33,4,2,4,0.5,0,0,0,0,0,0,0,4,4,2,0,0,1,0,0.5,10.8,2,4,0.5,0.326,15
Tamayo,24-25,2-12-2025,0,Changwon LG Sakers,Seoul SK,W,Bench,PF,18.73,10,4,12,0.333,0,2,0,2,2,1,1,4,5,4,1,0,0,2,0.388198758,25,4,10,0.4,0.688,4
Tamayo,24-25,2-8-2025,0,Changwon LG Sakers,Jeonju KCC Egis,W,Starter,PF,22.43,12,5,11,0.455,2,3,0.667,0,0,0,0,4,4,1,1,0,0,4,0.545454545,21.3,3,8,0.375,0.49,2
Tamayo,24-25,2-6-2025,1,Changwon LG Sakers,Jeonju KCC Egis,W,Starter,PF,35.62,21,9,16,0.563,2,3,0.667,1,1,1,1,5,6,6,1,0,4,1,0.638686131,36.2,7,13,0.538,0.574,3
Tamayo,24-25,2-3-2025,0,Changwon LG Sakers,Seoul SK,L,Starter,PF,26.48,7,3,11,0.273,1,4,0.25,0,0,0,1,3,4,1,1,1,1,3,0.318181818,18.3,2,7,0.286,0.453,2
Tamayo,24-25,2-1-2025,0,Changwon LG Sakers,Wonju Dongbu Promy,W,Bench,PF,18.05,11,5,12,0.417,1,2,0.5,0,0,0,0,3,3,1,1,0,0,4,0.458333333,19.1,4,10,0.4,0.665,2
Tamayo,24-25,1/30/2025,1,Changwon LG Sakers,Korea Gas Corporation,W,Starter,PF,33.73,14,7,16,0.438,0,2,0,0,1,0,0,3,3,3,1,0,1,3,0.425790754,24.1,7,14,0.5,0.517,5
Tamayo,24-25,1/25/2025,1,Changwon LG Sakers,Ulsan Mobis Phoebus,W,Starter,C,26.88,12,6,14,0.429,0,0,0,0,2,0,5,5,10,1,1,0,0,4,0.403225806,28.5,6,14,0.429,0.554,2
Tamayo,24-25,1/23/2025,1,Changwon LG Sakers,Goyang Sono Skygunners,W,Starter,PF,22.32,7,3,14,0.214,0,4,0,1,2,0.5,1,4,5,1,1,0,4,1,0.235215054,13.5,3,10,0.3,0.846,8
Tamayo,24-25,1/15/2025,1,Changwon LG Sakers,Seoul Samsung Thunders,W,Starter,C,34.72,24,8,17,0.471,3,5,0.6,5,5,1,2,5,7,0,2,2,2,3,0.625,42.4,5,12,0.417,0.611,2
Tamayo,24-25,1/13/2025,0,Changwon LG Sakers,Suwon KT Sonicboom,W,Starter,C,35.47,8,4,15,0.267,0,2,0,0,0,0,1,4,5,2,1,0,1,2,0.266666667,19,4,13,0.308,0.451,2
Tamayo,24-25,1-11-2025,0,Changwon LG Sakers,Anyang KGC,W,Starter,C,32.93,31,14,23,0.609,2,3,0.667,1,2,0.5,2,6,8,1,2,1,1,3,0.649078727,50.1,12,20,0.6,0.756,2
Tamayo,24-25,1-9-2025,0,Changwon LG Sakers,Seoul Samsung Thunders,L,Starter,PF,32.58,37,17,19,0.895,2,4,0.5,1,4,0.25,2,5,7,3,0,0,3,0,0.891136802,46.9,15,15,1,0.729,4
Tamayo,24-25,1-5-2025,1,Changwon LG Sakers,Goyang Sono Skygunners,W,Starter,C,29.98,17,6,18,0.333,0,3,0,5,8,0.625,3,4,7,3,0,0,1,4,0.394981413,28.9,6,15,0.4,0.751,8
Tamayo,24-25,12/28/2024,1,Changwon LG Sakers,Suwon KT Sonicboom,W,Starter,PF,29.87,20,9,16,0.563,0,3,0,2,2,1,0,6,6,5,0,0,0,2,0.592417062,34.7,9,13,0.692,0.565,2
Tamayo,24-25,12/26/2024,0,Changwon LG Sakers,Korea Gas Corporation,W,Starter,C,23.78,17,7,9,0.778,1,2,0.5,2,4,0.5,0,5,5,3,1,0,4,2,0.789962825,26.5,6,7,0.857,0.621,4
Tamayo,24-25,12/22/2024,0,Changwon LG Sakers,Anyang KGC,W,Starter,PF,32.18,13,6,19,0.316,1,4,0.25,0,0,0,6,6,12,4,1,0,3,3,0.342105263,33.4,5,15,0.333,0.684,2
Tamayo,24-25,12/20/2024,1,Changwon LG Sakers,Jeonju KCC Egis,W,Starter,PF,27.88,13,6,13,0.462,1,3,0.333,0,0,0,1,1,2,4,0,0,4,2,0.5,17.4,5,10,0.5,0.61,3
Tamayo,24-25,12/17/2024,1,Changwon LG Sakers,Seoul Samsung Thunders,W,Starter,PF,30.53,17,8,19,0.421,1,3,0.333,0,0,0,8,2,10,6,0,1,0,4,0.447368421,41,7,16,0.438,0.622,2
Tamayo,24-25,12/15/2024,0,Changwon LG Sakers,Jeonju KCC Egis,W,Starter,PF,30.42,19,9,16,0.563,1,4,0.25,0,0,0,1,3,4,5,3,0,0,2,0.59375,40.3,8,12,0.667,0.526,2
Tamayo,24-25,12/13/2024,0,Changwon LG Sakers,Anyang KGC,W,Starter,PF,25.65,26,11,19,0.579,0,2,0,4,4,1,1,6,7,2,1,1,0,1,0.626204239,43.4,11,17,0.647,0.809,4
Tamayo,24-25,12-9-2024,0,Changwon LG Sakers,Korea Gas Corporation,L,Starter,PF,21.58,10,4,8,0.5,1,1,1,1,2,0.5,3,4,7,1,0,0,0,3,0.563063063,19.9,3,7,0.429,0.411,2
Tamayo,24-25,12-7-2024,1,Changwon LG Sakers,Wonju Dongbu Promy,W,Bench,PF,11.17,8,4,9,0.444,0,2,0,0,2,0,1,3,4,0,1,0,0,2,0.4048583,15.8,4,7,0.571,0.885,2
Tamayo,24-25,12-5-2024,0,Changwon LG Sakers,Ulsan Mobis Phoebus,L,Starter,PF,26.30,12,6,13,0.462,0,3,0,0,0,0,3,3,6,1,0,0,2,4,0.461538462,18.7,6,10,0.6,0.57,5
Tamayo,24-25,11/30/2024,0,Changwon LG Sakers,Goyang Sono Skygunners,W,Starter,C,28.13,21,8,17,0.471,1,4,0.25,4,4,1,2,7,9,4,1,0,0,3,0.559701493,40.8,7,13,0.538,0.667,3
Tamayo,24-25,11/27/2024,1,Changwon LG Sakers,Seoul SK,L,Starter,C,26.93,15,7,13,0.538,1,3,0.333,0,0,0,1,8,9,2,1,0,3,3,0.576923077,28.8,6,10,0.6,0.594,13
Tamayo,24-25,11/14/2024,1,Changwon LG Sakers,Suwon KT Sonicboom,L,Starter,C,27.38,15,6,15,0.4,3,6,0.5,0,0,0,1,1,2,4,2,1,3,3,0.5,29.4,3,9,0.333,0.657,4
Tamayo,24-25,11-10-2024,0,Changwon LG Sakers,Wonju Dongbu Promy,L,Starter,C,21.23,2,1,6,0.167,0,2,0,0,0,0,1,5,6,0,1,0,1,4,0.166666667,11.2,1,4,0.25,0.33,1
Tamayo,24-25,11-9-2024,0,Changwon LG Sakers,Suwon KT Sonicboom,L,Bench,PF,22.65,12,2,10,0.2,0,3,0,8,8,1,4,4,8,1,0,1,0,3,0.443786982,26.1,2,7,0.286,0.597,2
Tamayo,24-25,11-7-2024,0,Changwon LG Sakers,Seoul Samsung Thunders,L,Bench,PF,17.40,3,1,4,0.25,0,1,0,1,2,0.5,0,3,3,1,1,0,1,4,0.307377049,10.1,1,3,0.333,0.338,4
Tamayo,24-25,11-3-2024,1,Changwon LG Sakers,Ulsan Mobis Phoebus,L,Bench,PF,19.17,9,4,12,0.333,1,3,0.333,0,0,0,1,1,2,0,4,0,3,2,0.375,20.4,3,9,0.333,0.782,2
Tamayo,24-25,11-1-2024,1,Changwon LG Sakers,Seoul SK,L,Starter,PF,29.57,13,5,10,0.5,0,2,0,3,5,0.6,2,6,8,1,0,0,3,1,0.532786885,21.1,5,8,0.625,0.514,6
Tamayo,24-25,10/26/2024,0,Changwon LG Sakers,Goyang Sono Skygunners,L,Starter,PF,27.10,19,9,13,0.692,1,3,0.333,0,0,0,3,4,7,3,1,1,2,3,0.730769231,35.9,8,10,0.8,0.554,2
Tamayo,24-25,10/24/2024,1,Changwon LG Sakers,Anyang KGC,W,Starter,PF,29.00,9,4,13,0.308,1,6,0.167,0,0,0,3,4,7,1,1,0,2,4,0.346153846,19.9,3,7,0.429,0.517,3
Tamayo,24-25,10/21/2024,1,Changwon LG Sakers,Jeonju KCC Egis,W,Starter,PF,23.90,16,7,12,0.583,2,6,0.333,0,0,0,1,4,5,4,1,1,2,3,0.666666667,32,5,6,0.833,0.586,2
Tamayo,24-25,10/19/2024,1,Changwon LG Sakers,Korea Gas Corporation,W,Starter,PF,27.88,8,4,14,0.286,0,4,0,0,0,0,2,5,7,1,2,0,2,5,0.285714286,21.9,4,10,0.4,0.574,
유기상,25-26,4-8-2026,0,Changwon LG Sakers,Ulsan Mobis Phoebus,L,Starter,SF,23.62,11,4,9,0.444,3,8,0.375,0,0,0,0,0,0,3,1,0,3,3,0.611111111,15.5,1,1,1,0.508,3
유기상,25-26,4-5-2026,1,Changwon LG Sakers,Jeonju KCC Egis,L,Starter,SG,28.98,13,4,12,0.333,4,11,0.364,1,1,1,2,2,4,0,0,0,0,1,0.522508039,17.8,0,1,0,0.429,2
유기상,25-26,4-3-2026,0,Changwon LG Sakers,Suwon KT Sonicboom,W,Starter,PG,30.87,12,4,8,0.5,4,8,0.5,0,0,0,2,1,3,2,2,3,0,2,0.75,33.6,0,0,,0.259,3
유기상,25-26,3/31/2026,0,Changwon LG Sakers,Anyang KGC,L,Starter,SG,37.68,14,5,9,0.556,1,5,0.2,3,3,1,1,1,2,0,1,2,1,1,0.678294574,24.4,4,4,1,0.3,2
유기상,25-26,3/29/2026,1,Changwon LG Sakers,Seoul SK,W,Starter,SG,31.23,19,7,13,0.538,5,10,0.5,0,0,0,0,2,2,2,0,1,0,2,0.730769231,27.4,2,3,0.667,0.416,3
유기상,25-26,3/26/2026,0,Changwon LG Sakers,Korea Gas Corporation,W,Starter,SG,34.97,10,3,9,0.333,3,8,0.375,1,2,0.5,0,3,3,1,0,1,1,2,0.506072874,17.1,0,1,0,0.311,11
유기상,25-26,3/15/2026,0,Changwon LG Sakers,Wonju Dongbu Promy,W,Starter,SG,36.60,15,5,11,0.455,3,8,0.375,2,2,1,0,1,1,1,0,0,1,1,0.631313131,16.7,2,3,0.667,0.352,2
유기상,25-26,3/13/2026,1,Changwon LG Sakers,Seoul Samsung Thunders,W,Starter,SG,30.42,25,7,17,0.412,5,11,0.455,6,6,1,1,2,3,0,0,0,0,1,0.636456212,28.6,2,6,0.333,0.646,2
유기상,25-26,3-11-2026,1,Changwon LG Sakers,Goyang Sono Skygunners,L,Starter,SG,33.22,13,5,13,0.385,3,8,0.375,0,0,0,0,2,2,1,1,1,0,0,0.5,22.9,2,5,0.4,0.391,3
유기상,25-26,3-8-2026,1,Changwon LG Sakers,Seoul SK,L,Starter,SG,29.80,20,5,13,0.385,3,10,0.3,7,7,1,1,0,1,0,0,1,1,3,0.621890547,23.2,2,3,0.667,0.573,2
유기상,25-26,3-6-2026,1,Changwon LG Sakers,Ulsan Mobis Phoebus,W,Starter,SG,33.72,19,7,17,0.412,3,10,0.3,2,2,1,1,1,2,1,1,1,0,2,0.531319911,28.9,4,7,0.571,0.53,16
유기상,25-26,2/18/2026,0,Changwon LG Sakers,Jeonju KCC Egis,W,Starter,SG,28.08,19,7,12,0.583,5,9,0.556,0,0,0,1,0,1,0,2,0,0,2,0.791666667,26.2,2,3,0.667,0.427,2
유기상,25-26,2/16/2026,1,Changwon LG Sakers,Goyang Sono Skygunners,L,Starter,SG,23.23,4,1,5,0.2,0,2,0,2,2,1,0,0,0,1,0,1,0,2,0.340136054,8.5,1,3,0.333,0.253,2
유기상,25-26,2/14/2026,1,Changwon LG Sakers,Wonju Dongbu Promy,W,Starter,SG,28.73,14,5,8,0.625,4,5,0.8,0,0,0,1,0,1,1,1,0,1,2,0.875,18.7,1,3,0.333,0.313,4
유기상,25-26,2-10-2026,0,Changwon LG Sakers,Korea Gas Corporation,L,Starter,SG,31.93,13,4,11,0.364,1,8,0.125,4,5,0.8,0,0,0,2,0,0,0,0,0.492424242,16,3,3,1,0.413,2
유기상,25-26,2-8-2026,0,Changwon LG Sakers,Anyang KGC,W,Starter,SG,35.22,22,6,10,0.6,5,8,0.625,5,6,0.833,1,1,2,1,0,0,1,0,0.870253165,24.9,1,2,0.5,0.387,3
유기상,25-26,2-5-2026,0,Changwon LG Sakers,Seoul Samsung Thunders,W,Starter,SF,27.28,14,6,11,0.545,2,6,0.333,0,0,0,0,0,0,3,1,0,2,1,0.636363636,19.5,4,5,0.8,0.477,2
유기상,25-26,2-3-2026,1,Changwon LG Sakers,Suwon KT Sonicboom,W,Starter,SG,28.48,12,4,12,0.333,3,9,0.333,1,1,1,0,2,2,3,2,0,2,3,0.482315113,22.9,1,3,0.333,0.507,3
유기상,25-26,1/31/2026,1,Changwon LG Sakers,Ulsan Mobis Phoebus,W,Starter,SG,34.08,24,9,15,0.6,6,10,0.6,0,0,0,0,1,1,1,1,0,2,1,0.8,27.7,3,5,0.6,0.499,3
유기상,25-26,1/28/2026,1,Changwon LG Sakers,Wonju Dongbu Promy,L,Starter,SG,35.08,26,10,17,0.588,5,10,0.5,1,2,0.5,1,0,1,1,0,0,0,3,0.727069351,28.7,5,7,0.714,0.51,3
유기상,25-26,1/25/2026,1,Changwon LG Sakers,Anyang KGC,W,Starter,SG,29.45,11,5,11,0.455,1,4,0.25,0,0,0,1,0,1,2,0,0,2,1,0.5,13.2,4,7,0.571,0.441,2
유기상,25-26,1/23/2026,0,Changwon LG Sakers,Jeonju KCC Egis,W,Starter,SG,20.35,8,3,6,0.5,2,4,0.5,0,0,0,0,0,0,1,0,0,1,3,0.666666667,8.5,1,2,0.5,0.344,8
유기상,25-26,1/15/2026,0,Changwon LG Sakers,Seoul SK,L,Starter,SF,30.12,6,2,8,0.25,1,6,0.167,1,1,1,0,1,1,2,0,0,0,3,0.355450237,10.2,1,2,0.5,0.28,3
유기상,25-26,1-12-2026,0,Changwon LG Sakers,Korea Gas Corporation,L,Starter,SG,27.70,8,2,6,0.333,2,5,0.4,2,2,1,0,0,0,1,0,0,1,4,0.581395349,8.5,0,1,0,0.284,2
유기상,25-26,1-10-2026,1,Changwon LG Sakers,Goyang Sono Skygunners,W,Starter,SG,31.68,16,5,8,0.625,5,8,0.625,1,2,0.5,0,2,2,2,2,0,0,3,0.900900901,27.4,0,0,,0.28,3
유기상,25-26,1-7-2026,1,Changwon LG Sakers,Seoul Samsung Thunders,W,Bench,SG,18.18,2,1,7,0.143,0,3,0,0,0,0,2,1,3,3,0,0,0,0,0.142857143,10.1,1,4,0.25,0.385,3
유기상,25-26,1-4-2026,0,Changwon LG Sakers,Suwon KT Sonicboom,L,Starter,SG,33.83,3,0,6,0,0,5,0,3,3,1,1,0,1,2,1,1,3,2,0.204918033,10.2,0,1,0,0.305,2
유기상,25-26,1-2-2026,0,Changwon LG Sakers,Seoul Samsung Thunders,W,Starter,SG,29.95,9,2,5,0.4,2,4,0.5,3,4,0.75,0,1,1,1,1,0,1,3,0.665680473,13.7,0,1,0,0.259,2
유기상,25-26,12/31/2025,0,Changwon LG Sakers,Ulsan Mobis Phoebus,W,Starter,SG,36.00,10,4,8,0.5,2,5,0.4,0,0,0,1,5,6,0,1,0,1,2,0.625,19.2,2,3,0.667,0.25,3
유기상,25-26,12/28/2025,1,Changwon LG Sakers,Anyang KGC,L,Starter,SG,22.30,3,1,4,0.25,1,3,0.333,0,0,0,0,0,0,0,0,0,1,1,0.375,2,0,1,0,0.224,2
유기상,25-26,12/26/2025,0,Changwon LG Sakers,Jeonju KCC Egis,W,Starter,SG,45.98,23,6,14,0.429,4,10,0.4,7,9,0.778,0,5,5,3,1,1,2,3,0.640311804,37.5,2,4,0.5,0.434,3
유기상,25-26,12/23/2025,1,Changwon LG Sakers,Korea Gas Corporation,W,Starter,PG,32.47,13,5,14,0.357,3,10,0.3,0,0,0,1,3,4,1,3,0,1,3,0.464285714,27.3,2,4,0.5,0.462,2
유기상,25-26,12/21/2025,1,Changwon LG Sakers,Wonju Dongbu Promy,W,Starter,PG,37.55,12,3,10,0.3,3,8,0.375,3,4,0.75,0,6,6,2,0,0,0,3,0.510204082,22.2,0,2,0,0.313,7
유기상,25-26,12/14/2025,0,Changwon LG Sakers,Goyang Sono Skygunners,W,Starter,SG,33.65,13,4,9,0.444,4,8,0.5,1,2,0.5,0,4,4,0,2,0,0,2,0.657894737,23.8,0,1,0,0.294,1
유기상,25-26,12/13/2025,0,Changwon LG Sakers,Seoul SK,L,Starter,SG,32.37,0,0,6,0,0,5,0,0,0,0,2,4,6,0,0,0,2,2,0,5.2,0,1,0,0.247,6
유기상,25-26,12-7-2025,1,Changwon LG Sakers,Suwon KT Sonicboom,W,Starter,SG,28.02,3,1,7,0.143,1,6,0.167,0,0,0,1,1,2,2,2,0,0,2,0.214285714,14.4,0,1,0,0.25,1
유기상,25-26,12-6-2025,1,Changwon LG Sakers,Ulsan Mobis Phoebus,W,Starter,SG,26.83,6,2,8,0.25,2,5,0.4,0,0,0,0,2,2,1,1,0,0,1,0.375,12.9,0,3,0,0.298,2
유기상,25-26,12-4-2025,1,Changwon LG Sakers,Korea Gas Corporation,L,Starter,SG,25.95,16,5,7,0.714,4,5,0.8,2,2,1,1,2,3,0,0,0,0,3,1.015228426,19.6,1,2,0.5,0.304,26
유기상,25-26,11-8-2025,0,Changwon LG Sakers,Wonju Dongbu Promy,L,Bench,SG,12.22,2,1,2,0.5,0,1,0,0,0,0,0,0,0,0,0,0,0,0,0.5,2,1,1,1,0.164,6
유기상,25-26,11-2-2025,0,Changwon LG Sakers,Seoul SK,W,Starter,SG,31.45,14,4,16,0.25,1,8,0.125,5,5,1,1,1,2,1,0,1,0,4,0.384615385,20.9,3,8,0.375,0.579,1
유기상,25-26,11-1-2025,0,Changwon LG Sakers,Goyang Sono Skygunners,L,Starter,SG,19.88,16,7,10,0.7,2,4,0.5,0,0,0,0,0,0,0,0,1,1,1,0.8,18,5,6,0.833,0.553,5
유기상,25-26,10/27/2025,1,Changwon LG Sakers,Jeonju KCC Egis,W,Starter,SG,37.98,13,5,11,0.455,2,7,0.286,1,2,0.5,0,2,2,1,4,0,1,3,0.547138047,27.9,3,4,0.75,0.339,2
유기상,25-26,10/25/2025,0,Changwon LG Sakers,Ulsan Mobis Phoebus,W,Starter,SG,32.43,14,5,11,0.455,3,7,0.429,1,1,1,1,2,3,1,0,0,1,2,0.611888112,18.1,2,4,0.5,0.384,5
유기상,25-26,10/20/2025,1,Changwon LG Sakers,Korea Gas Corporation,W,Starter,SF,23.75,5,1,4,0.25,1,2,0.5,2,2,1,0,0,0,1,1,0,0,1,0.512295082,9.5,0,2,0,0.205,2
유기상,25-26,10/18/2025,1,Changwon LG Sakers,Seoul Samsung Thunders,W,Starter,SG,31.03,4,1,10,0.1,1,8,0.125,1,1,1,0,4,4,2,2,0,1,1,0.191570881,16.8,0,2,0,0.369,3
유기상,25-26,10/15/2025,1,Changwon LG Sakers,Anyang KGC,L,Starter,SG,27.75,6,1,4,0.25,0,3,0,4,4,1,0,1,1,0,0,1,1,0,0.520833333,9.2,1,1,1,0.244,3
유기상,25-26,10-12-2025,1,Changwon LG Sakers,Suwon KT Sonicboom,W,Starter,SG,30.33,17,5,14,0.357,5,10,0.5,2,2,1,0,2,2,1,1,0,0,3,0.571236559,23.9,0,4,0,0.491,2
유기상,25-26,10-10-2025,0,Changwon LG Sakers,Goyang Sono Skygunners,W,Starter,SG,34.02,19,6,10,0.6,5,9,0.556,2,2,1,0,3,3,0,1,0,3,3,0.873161765,22.6,1,1,1,0.408,5
유기상,25-26,10-5-2025,0,Changwon LG Sakers,Wonju Dongbu Promy,W,Starter,SG,35.93,22,7,17,0.412,6,11,0.545,2,3,0.667,2,4,6,0,0,0,1,2,0.600436681,28.2,1,6,0.167,0.538,2
유기상,25-26,10-3-2025,1,Changwon LG Sakers,Seoul SK,L,Starter,SG,27.08,5,1,7,0.143,1,4,0.25,2,2,1,0,2,2,1,0,0,2,5,0.317258883,6.9,0,3,0,0.365,
유기상,24-25,4-3-2025,1,Changwon LG Sakers,Anyang KGC,W,Starter,SG,36.68,13,4,15,0.267,4,11,0.364,1,1,1,0,1,1,0,2,0,3,2,0.420984456,17.2,0,4,0,0.503,4
유기상,24-25,3/30/2025,0,Changwon LG Sakers,Jeonju KCC Egis,W,Starter,SG,32.27,18,6,9,0.667,5,8,0.625,1,2,0.5,1,1,2,3,3,0,2,1,0.910931174,31.9,1,1,1,0.368,2
유기상,24-25,3/28/2025,0,Changwon LG Sakers,Seoul SK,L,Starter,SG,36.08,27,9,16,0.563,5,10,0.5,4,4,1,0,4,4,3,2,1,1,3,0.760135135,44.3,4,6,0.667,0.52,2
유기상,24-25,3/26/2025,0,Changwon LG Sakers,Seoul Samsung Thunders,W,Starter,SG,29.62,23,9,15,0.6,5,10,0.5,0,0,0,0,2,2,2,1,0,1,3,0.766666667,30.4,4,5,0.8,0.54,3
유기상,24-25,3/23/2025,1,Changwon LG Sakers,Korea Gas Corporation,W,Starter,SG,31.00,17,5,10,0.5,5,9,0.556,2,2,1,1,2,3,2,0,0,1,1,0.78125,22.6,0,1,0,0.383,1
유기상,24-25,3/22/2025,1,Changwon LG Sakers,Suwon KT Sonicboom,L,Starter,SG,34.78,7,2,10,0.2,2,8,0.25,1,2,0.5,3,0,3,1,1,0,1,2,0.321691176,14.1,0,2,0,0.342,2
유기상,24-25,3/20/2025,1,Changwon LG Sakers,Wonju Dongbu Promy,W,Starter,SG,31.15,12,4,10,0.4,2,7,0.286,2,2,1,0,1,1,0,0,0,4,2,0.551470588,9.2,2,3,0.667,0.478,4
유기상,24-25,3/16/2025,0,Changwon LG Sakers,Suwon KT Sonicboom,L,Starter,SG,27.43,11,3,11,0.273,2,9,0.222,3,3,1,1,1,2,2,1,1,1,1,0.446428571,21.4,1,2,0.5,0.486,2
유기상,24-25,3/14/2025,1,Changwon LG Sakers,Ulsan Mobis Phoebus,W,Starter,SG,43.07,10,3,15,0.2,2,10,0.2,2,2,1,0,3,3,1,0,0,2,2,0.314861461,13.1,1,5,0.2,0.415,5
유기상,24-25,3-9-2025,1,Changwon LG Sakers,Goyang Sono Skygunners,W,Starter,SG,31.97,19,6,11,0.545,4,9,0.444,3,5,0.6,1,1,2,1,1,0,1,4,0.71969697,24.9,2,2,1,0.444,2
유기상,24-25,3-7-2025,0,Changwon LG Sakers,Korea Gas Corporation,W,Starter,SG,23.50,16,6,10,0.6,4,8,0.5,0,0,0,0,2,2,0,1,0,0,3,0.8,21.4,2,2,1,0.426,51
유기상,24-25,1/15/2025,1,Changwon LG Sakers,Seoul Samsung Thunders,W,Starter,SG,33.85,14,4,11,0.364,2,6,0.333,4,4,1,1,4,5,1,0,0,1,3,0.548589342,20.5,2,5,0.4,0.406,2
유기상,24-25,1/13/2025,0,Changwon LG Sakers,Suwon KT Sonicboom,W,Starter,SG,29.22,10,4,9,0.444,2,7,0.286,0,0,0,0,2,2,4,2,0,2,1,0.555555556,22.4,2,2,1,0.376,2
유기상,24-25,1-11-2025,0,Changwon LG Sakers,Anyang KGC,W,Starter,SG,33.65,14,5,8,0.625,2,4,0.5,2,2,1,0,1,1,1,0,1,2,3,0.788288288,17.7,3,4,0.75,0.323,2
유기상,24-25,1-9-2025,0,Changwon LG Sakers,Seoul Samsung Thunders,L,Starter,SG,19.33,3,1,7,0.143,1,4,0.25,0,0,0,1,1,2,3,0,0,1,2,0.214285714,8.9,0,3,0,0.414,4
유기상,24-25,1-5-2025,1,Changwon LG Sakers,Goyang Sono Skygunners,W,Starter,SG,33.20,13,4,10,0.4,3,6,0.5,2,3,0.667,0,3,3,3,1,1,0,2,0.574204947,27.1,1,4,0.25,0.341,1
유기상,24-25,1-4-2025,0,Changwon LG Sakers,Ulsan Mobis Phoebus,L,Starter,SF,22.15,3,1,8,0.125,1,6,0.167,0,0,0,1,4,5,1,0,0,2,2,0.1875,8.5,0,2,0,0.451,3
유기상,24-25,1-1-2025,1,Changwon LG Sakers,Seoul SK,L,Starter,SG,28.38,11,4,12,0.333,3,8,0.375,0,0,0,0,4,4,0,0,0,2,0,0.458333333,13.8,1,4,0.25,0.493,3
유기상,24-25,12/29/2024,1,Changwon LG Sakers,Wonju Dongbu Promy,W,Starter,SG,22.83,15,6,9,0.667,3,6,0.5,0,0,0,1,2,3,3,1,0,1,2,0.833333333,25.1,3,3,1,0.438,1
유기상,24-25,12/28/2024,1,Changwon LG Sakers,Suwon KT Sonicboom,W,Starter,SG,25.85,3,1,6,0.167,1,4,0.25,0,0,0,1,2,3,1,0,0,0,1,0.25,8.1,0,2,0,0.232,2
유기상,24-25,12/26/2024,0,Changwon LG Sakers,Korea Gas Corporation,W,Starter,SF,21.52,2,1,7,0.143,0,4,0,0,0,0,2,2,4,2,0,0,1,2,0.142857143,8.8,1,3,0.333,0.372,4
유기상,24-25,12/22/2024,0,Changwon LG Sakers,Anyang KGC,W,Starter,SG,25.68,6,2,7,0.286,2,6,0.333,0,0,0,0,0,0,0,1,1,0,3,0.428571429,12,0,1,0,0.273,2
유기상,24-25,12/20/2024,1,Changwon LG Sakers,Jeonju KCC Egis,W,Starter,SG,28.98,17,7,9,0.778,3,4,0.75,0,0,0,0,3,3,1,0,1,2,3,0.944444444,23.1,4,5,0.8,0.38,3
유기상,24-25,12/17/2024,1,Changwon LG Sakers,Seoul Samsung Thunders,W,Starter,SF,23.92,8,2,7,0.286,2,5,0.4,2,2,1,0,1,1,4,0,2,1,3,0.507614213,20.2,0,2,0,0.371,2
유기상,24-25,12/15/2024,0,Changwon LG Sakers,Jeonju KCC Egis,W,Starter,SG,27.57,12,4,8,0.5,4,7,0.571,0,0,0,0,3,3,1,0,0,1,4,0.75,16.1,0,1,0,0.326,2
유기상,24-25,12/13/2024,0,Changwon LG Sakers,Anyang KGC,W,Starter,SG,33.03,12,5,15,0.333,2,11,0.182,0,0,0,2,2,4,2,0,1,0,3,0.4,22.8,3,4,0.75,0.454,4
유기상,24-25,12-9-2024,0,Changwon LG Sakers,Korea Gas Corporation,L,Starter,SG,34.92,13,5,15,0.333,3,10,0.3,0,0,0,2,4,6,2,0,0,1,2,0.433333333,22.2,2,5,0.4,0.458,2
유기상,24-25,12-7-2024,1,Changwon LG Sakers,Wonju Dongbu Promy,W,Starter,SG,30.32,13,4,10,0.4,3,5,0.6,2,2,1,3,0,3,3,2,0,1,1,0.597426471,26.1,1,5,0.2,0.392,2
유기상,24-25,12-5-2024,0,Changwon LG Sakers,Ulsan Mobis Phoebus,L,Starter,SG,32.40,10,4,9,0.444,2,6,0.333,0,0,0,0,5,5,0,1,0,1,2,0.555555556,18,2,3,0.667,0.309,5
유기상,24-25,11/30/2024,0,Changwon LG Sakers,Goyang Sono Skygunners,W,Starter,SG,24.15,10,4,9,0.444,2,5,0.4,0,0,0,1,0,1,0,0,1,0,2,0.555555556,14.2,2,4,0.5,0.373,3
유기상,24-25,11/27/2024,1,Changwon LG Sakers,Seoul SK,L,Starter,SG,24.58,2,1,6,0.167,0,4,0,0,0,0,0,3,3,1,0,0,1,4,0.166666667,6.1,1,2,0.5,0.285,13
유기상,24-25,11/14/2024,1,Changwon LG Sakers,Suwon KT Sonicboom,L,Starter,SG,29.75,9,3,7,0.429,2,5,0.4,1,2,0.5,1,4,5,1,0,0,0,1,0.57106599,16.5,1,2,0.5,0.265,4
유기상,24-25,11-10-2024,0,Changwon LG Sakers,Wonju Dongbu Promy,L,Starter,SF,29.70,8,3,5,0.6,2,4,0.5,0,2,0,0,0,0,0,1,1,1,2,0.680272109,13,1,1,1,0.232,1
유기상,24-25,11-9-2024,0,Changwon LG Sakers,Suwon KT Sonicboom,L,Starter,SF,28.72,6,2,7,0.286,1,6,0.167,1,2,0.5,0,0,0,1,0,0,1,2,0.38071066,6.5,1,1,1,0.309,2
유기상,24-25,11-7-2024,0,Changwon LG Sakers,Seoul Samsung Thunders,L,Starter,SG,33.62,15,5,17,0.294,3,9,0.333,2,4,0.5,1,1,2,1,1,0,1,2,0.39978678,20.9,2,8,0.25,0.588,4
유기상,24-25,11-3-2024,1,Changwon LG Sakers,Ulsan Mobis Phoebus,L,Starter,SG,27.95,4,2,6,0.333,0,2,0,0,0,0,0,3,3,2,1,0,2,2,0.333333333,11.6,2,4,0.5,0.286,2
유기상,24-25,11-1-2024,1,Changwon LG Sakers,Seoul SK,L,Starter,SG,35.33,7,3,10,0.3,1,5,0.2,0,0,0,0,3,3,1,0,2,1,2,0.35,17.1,2,5,0.4,0.311,6
유기상,24-25,10/26/2024,0,Changwon LG Sakers,Goyang Sono Skygunners,L,Starter,SG,35.52,10,3,6,0.5,3,6,0.5,1,2,0.5,0,1,1,2,1,1,0,2,0.726744186,20.2,0,0,,0.194,2
유기상,24-25,10/24/2024,1,Changwon LG Sakers,Anyang KGC,W,Starter,SG,35.62,10,4,11,0.364,2,5,0.4,0,0,0,1,3,4,2,1,0,1,1,0.454545455,19.8,2,6,0.333,0.337,3
유기상,24-25,10/21/2024,1,Changwon LG Sakers,Jeonju KCC Egis,W,Starter,SG,31.28,14,5,11,0.455,4,9,0.444,0,0,0,0,2,2,1,3,1,2,3,0.636363636,27.9,1,2,0.5,0.416,2
유기상,24-25,10/19/2024,1,Changwon LG Sakers,Korea Gas Corporation,W,Starter,SG,33.18,10,3,8,0.375,1,4,0.25,3,3,1,0,2,2,3,2,1,0,0,0.536480687,25.9,2,4,0.5,0.281,
유기상,23-24,3/31/2024,0,Changwon LG Sakers,Seoul Samsung Thunders,W,Bench,C,18.73,6,2,5,0.4,2,4,0.5,0,0,0,0,2,2,1,2,1,0,1,0.6,18.9,0,1,0,0.267,3
유기상,23-24,3/28/2024,0,Changwon LG Sakers,Seoul SK,L,Starter,SF,18.15,2,1,4,0.25,0,2,0,0,0,0,0,0,0,1,0,1,1,1,0.25,5.5,1,2,0.5,0.275,4
유기상,23-24,3/24/2024,0,Changwon LG Sakers,Ulsan Mobis Phoebus,W,Starter,C,32.55,7,2,9,0.222,2,8,0.25,1,2,0.5,1,2,3,1,0,0,0,1,0.354251012,12.1,0,1,0,0.304,2
유기상,23-24,3/22/2024,0,Changwon LG Sakers,Jeonju KCC Egis,W,Starter,SG,29.42,5,2,6,0.333,1,3,0.333,0,1,0,2,1,3,2,2,0,0,4,0.388198758,17.6,1,3,0.333,0.219,3
유기상,23-24,3/19/2024,1,Changwon LG Sakers,Anyang KGC,W,Starter,C,29.98,14,3,9,0.333,2,6,0.333,6,7,0.857,6,1,7,0,1,0,0,3,0.579470199,25.4,1,3,0.333,0.403,2
유기상,23-24,3/17/2024,1,Changwon LG Sakers,Wonju Dongbu Promy,W,Starter,SF,33.72,10,3,7,0.429,3,6,0.5,1,2,0.5,0,3,3,1,1,0,1,3,0.634517766,17.1,0,1,0,0.263,2
유기상,23-24,3/15/2024,0,Changwon LG Sakers,Goyang Sono Skygunners,W,Starter,SF,24.67,17,6,8,0.75,5,6,0.833,0,0,0,0,1,1,1,1,1,0,1,1.0625,25.7,1,2,0.5,0.324,4
유기상,23-24,3-11-2024,1,Changwon LG Sakers,Suwon KT Sonicboom,W,Starter,SF,29.85,10,4,5,0.8,2,3,0.667,0,0,0,1,2,3,1,3,0,0,4,1,24.1,2,2,1,0.168,4
유기상,23-24,3-7-2024,1,Changwon LG Sakers,Korea Gas Corporation,W,Bench,C,20.75,9,3,9,0.333,3,8,0.375,0,0,0,1,0,1,1,1,1,0,3,0.5,17.7,0,1,0,0.434,4
유기상,23-24,3-3-2024,0,Changwon LG Sakers,Suwon KT Sonicboom,W,Starter,C,30.00,10,2,3,0.667,2,3,0.667,4,6,0.667,3,1,4,1,2,0,0,1,0.886524823,22.3,0,0,,0.188,2
유기상,23-24,3-1-2024,1,Changwon LG Sakers,Anyang KGC,W,Starter,C,23.23,11,3,7,0.429,3,5,0.6,2,2,1,2,0,2,1,2,0,1,3,0.697969543,19.9,0,2,0,0.382,15
유기상,23-24,2/15/2024,0,Changwon LG Sakers,Seoul SK,W,Starter,SF,30.58,15,5,11,0.455,4,7,0.571,1,2,0.5,3,2,5,0,1,0,1,2,0.631313131,23,1,4,0.25,0.421,3
유기상,23-24,2-12-2024,1,Changwon LG Sakers,Ulsan Mobis Phoebus,L,Starter,SG,27.87,12,3,6,0.5,2,4,0.5,4,4,1,1,2,3,1,1,0,0,0,0.773195876,20.1,1,2,0.5,0.278,2
유기상,23-24,2-10-2024,0,Changwon LG Sakers,Korea Gas Corporation,W,Bench,C,3.73,3,1,2,0.5,1,2,0.5,0,0,0,0,0,0,0,0,0,0,0,0.75,3,0,0,,0.536,2
유기상,23-24,2-8-2024,0,Changwon LG Sakers,Jeonju KCC Egis,L,Starter,C,18.45,3,1,4,0.25,1,3,0.333,0,0,0,2,0,2,0,0,1,0,3,0.375,8.4,0,1,0,0.217,2
유기상,23-24,2-6-2024,1,Changwon LG Sakers,Wonju Dongbu Promy,L,Starter,SG,34.22,10,4,6,0.667,2,3,0.667,0,0,0,1,2,3,1,0,0,0,2,0.833333333,15.1,2,3,0.667,0.175,3
유기상,23-24,2-3-2024,1,Changwon LG Sakers,Seoul Samsung Thunders,L,Bench,C,28.67,6,2,7,0.286,2,6,0.333,0,0,0,0,2,2,0,1,0,0,3,0.428571429,11.4,0,1,0,0.244,2
유기상,23-24,2-1-2024,0,Changwon LG Sakers,Goyang Sono Skygunners,W,Bench,C,31.38,15,5,7,0.714,2,3,0.667,3,3,1,0,8,8,1,1,1,2,3,0.901442308,30.1,3,4,0.75,0.329,2
유기상,23-24,1/30/2024,0,Changwon LG Sakers,Goyang Sono Skygunners,W,Starter,SF,19.47,18,7,10,0.7,4,7,0.571,0,0,0,1,0,1,0,0,1,0,2,0.9,22.2,3,3,1,0.514,2
유기상,23-24,1/28/2024,0,Changwon LG Sakers,Suwon KT Sonicboom,W,Starter,SF,28.82,5,2,5,0.4,0,3,0,1,2,0.5,1,1,2,1,2,0,2,0,0.425170068,12.9,2,2,1,0.273,2
유기상,23-24,1/26/2024,1,Changwon LG Sakers,Seoul Samsung Thunders,W,Starter,SF,24.88,5,2,4,0.5,1,2,0.5,0,0,0,0,4,4,1,2,0,0,3,0.625,17.3,1,2,0.5,0.161,5
유기상,23-24,1/21/2024,0,Changwon LG Sakers,Wonju Dongbu Promy,L,Starter,SF,24.00,13,5,10,0.5,1,3,0.333,2,2,1,3,1,4,0,0,0,0,2,0.597426471,17.8,4,7,0.571,0.453,2
유기상,23-24,1/19/2024,1,Changwon LG Sakers,Jeonju KCC Egis,W,Starter,SF,30.00,14,5,7,0.714,4,5,0.8,0,0,0,0,1,1,0,2,1,0,1,1,24.2,1,2,0.5,0.233,10
유기상,23-24,1-9-2024,1,Changwon LG Sakers,Seoul SK,L,Bench,C,22.60,5,1,7,0.143,1,5,0.2,2,2,1,1,1,2,1,1,1,1,2,0.317258883,13.9,0,2,0,0.393,2
유기상,23-24,1-7-2024,1,Changwon LG Sakers,Ulsan Mobis Phoebus,W,Bench,C,12.55,3,1,3,0.333,1,3,0.333,0,0,0,0,0,0,0,1,0,0,1,0.5,6,0,0,,0.239,1
유기상,23-24,1-6-2024,1,Changwon LG Sakers,Korea Gas Corporation,L,Starter,C,26.42,6,2,6,0.333,2,6,0.333,0,0,0,0,1,1,0,0,0,1,1,0.5,6.2,0,0,,0.265,4
유기상,23-24,1-2-2024,0,Changwon LG Sakers,Anyang KGC,L,Bench,C,13.08,2,0,1,0,0,1,0,2,3,0.667,0,1,1,0,0,1,0,5,0.431034483,6.2,0,0,,0.177,2
유기상,23-24,12/31/2023,1,Changwon LG Sakers,Goyang Sono Skygunners,W,Starter,C,30.55,9,3,6,0.5,3,5,0.6,0,0,0,0,2,2,0,0,2,0,2,0.75,17.4,0,1,0,0.196,2
유기상,23-24,12/29/2023,0,Changwon LG Sakers,Wonju Dongbu Promy,L,Bench,C,16.25,0,0,5,0,0,3,0,0,0,0,1,0,1,1,3,0,1,0,0,10.7,0,2,0,0.369,3
유기상,23-24,12/26/2023,1,Changwon LG Sakers,Anyang KGC,W,Bench,C,21.60,6,2,6,0.333,2,4,0.5,0,0,0,0,1,1,0,0,0,0,0,0.5,7.2,0,2,0,0.278,2
유기상,23-24,12/24/2023,0,Changwon LG Sakers,Jeonju KCC Egis,L,Bench,C,9.80,0,0,4,0,0,4,0,0,0,0,0,0,0,0,0,1,0,3,0,3,0,0,,0.408,1
유기상,23-24,12/23/2023,1,Changwon LG Sakers,Seoul SK,L,Starter,SF,28.15,11,2,10,0.2,2,7,0.286,5,7,0.714,2,2,4,1,0,0,2,3,0.420489297,15.3,0,3,0,0.536,6
유기상,23-24,12/17/2023,1,Changwon LG Sakers,Seoul Samsung Thunders,W,Starter,C,28.10,11,4,9,0.444,3,7,0.429,0,0,0,0,3,3,1,0,2,0,3,0.611111111,22.1,1,2,0.5,0.32,1
유기상,23-24,12/16/2023,0,Changwon LG Sakers,Korea Gas Corporation,L,Starter,C,17.37,5,2,5,0.4,1,4,0.25,0,0,0,0,0,0,0,0,0,1,2,0.5,4,1,1,1,0.345,5
유기상,23-24,12-11-2023,0,Changwon LG Sakers,Ulsan Mobis Phoebus,W,Starter,SF,31.77,6,1,5,0.2,1,4,0.25,3,5,0.6,1,2,3,0,0,1,0,1,0.416666667,12.6,0,1,0,0.227,2
유기상,23-24,12-9-2023,1,Changwon LG Sakers,Suwon KT Sonicboom,W,Starter,SF,31.60,8,3,8,0.375,2,5,0.4,0,0,0,0,2,2,0,1,0,1,2,0.5,12.4,1,3,0.333,0.285,2
유기상,23-24,12-7-2023,1,Changwon LG Sakers,Jeonju KCC Egis,W,Starter,SF,24.47,13,4,6,0.667,3,4,0.75,2,2,1,0,0,0,0,0,0,0,3,0.944767442,13,1,2,0.5,0.281,2
유기상,23-24,12-5-2023,0,Changwon LG Sakers,Seoul Samsung Thunders,W,Starter,SF,28.75,9,2,5,0.4,2,4,0.5,3,3,1,1,3,4,0,0,1,1,4,0.712025316,15.8,0,1,0,0.255,3
유기상,23-24,12-2-2023,0,Changwon LG Sakers,Wonju Dongbu Promy,W,Starter,SF,29.37,9,3,10,0.3,1,6,0.167,2,2,1,0,1,1,1,1,0,1,3,0.413602941,13.7,2,4,0.5,0.404,2
유기상,23-24,11/30/2023,0,Changwon LG Sakers,Seoul SK,W,Starter,SF,18.85,9,3,7,0.429,3,5,0.6,0,0,0,1,1,2,0,0,0,0,3,0.642857143,11.4,0,2,0,0.371,2
유기상,23-24,11/28/2023,0,Changwon LG Sakers,Suwon KT Sonicboom,L,Starter,SF,27.07,3,1,11,0.091,1,5,0.2,0,0,0,1,2,3,0,0,0,2,3,0.136363636,4.6,0,6,0,0.48,3
유기상,23-24,11/25/2023,1,Changwon LG Sakers,Goyang Sono Skygunners,W,Starter,SF,26.63,7,3,5,0.6,1,2,0.5,0,0,0,1,2,3,0,0,1,0,4,0.7,13.6,2,3,0.667,0.188,2
유기상,23-24,11/23/2023,1,Changwon LG Sakers,Ulsan Mobis Phoebus,W,Starter,SF,12.90,6,2,6,0.333,2,5,0.4,0,0,0,1,1,2,0,1,0,0,0,0.5,11.4,0,1,0,0.465,4
유기상,23-24,11/19/2023,1,Changwon LG Sakers,Korea Gas Corporation,W,Starter,SF,28.68,13,5,9,0.556,3,5,0.6,0,0,0,1,0,1,1,1,0,0,2,0.722222222,18.7,2,4,0.5,0.314,2
유기상,23-24,11/17/2023,0,Changwon LG Sakers,Anyang KGC,W,Starter,SF,30.53,11,4,6,0.667,3,3,1,0,0,0,0,0,0,0,1,1,2,4,0.916666667,15,1,3,0.333,0.262,5
유기상,23-24,11-12-2023,0,Changwon LG Sakers,Anyang KGC,L,Bench,C,30.33,6,2,7,0.286,0,5,0,2,2,1,0,3,3,2,4,2,0,1,0.38071066,30.6,2,2,1,0.26,2
유기상,23-24,11-10-2023,1,Changwon LG Sakers,Jeonju KCC Egis,W,Bench,C,19.50,18,6,9,0.667,6,8,0.75,0,0,0,1,1,2,1,0,0,1,2,1,20.9,0,1,0,0.513,6
유기상,23-24,11-4-2023,1,Changwon LG Sakers,Seoul SK,W,Starter,C,22.22,4,2,7,0.286,0,3,0,0,0,0,0,2,2,2,4,0,1,0,0.285714286,20.4,2,4,0.5,0.36,2
유기상,23-24,11-2-2023,1,Changwon LG Sakers,Goyang Sono Skygunners,W,Starter,C,20.37,8,3,5,0.6,1,3,0.333,1,3,0.333,0,3,3,1,2,1,3,4,0.632911392,19.1,2,2,1,0.458,4
유기상,23-24,10/29/2023,0,Changwon LG Sakers,Seoul Samsung Thunders,W,Bench,C,15.28,5,2,6,0.333,1,4,0.25,0,0,0,1,0,1,0,1,0,0,1,0.416666667,9.2,1,2,0.5,0.393,3
유기상,23-24,10/26/2023,1,Changwon LG Sakers,Wonju Dongbu Promy,L,Bench,C,2.98,6,1,2,0.5,1,2,0.5,3,3,1,2,0,2,0,0,0,1,2,0.903614458,7.4,0,0,,1.45,3
유기상,23-24,10/23/2023,0,Changwon LG Sakers,Ulsan Mobis Phoebus,L,Bench,C,4.42,0,0,0,0,0,0,0,0,2,0,0,1,1,0,0,1,1,0,0,3.2,0,0,,0.425,
양홍석,25-26,4-8-2026,0,Changwon LG Sakers,Ulsan Mobis Phoebus,L,Starter,C,23.85,9,3,8,0.375,1,4,0.25,2,4,0.5,1,1,2,0,0,0,1,2,0.461065574,10.4,2,4,0.5,0.451,3
양홍석,25-26,4-5-2026,1,Changwon LG Sakers,Jeonju KCC Egis,L,Bench,C,19.10,3,1,4,0.25,1,2,0.5,0,0,0,0,2,2,3,0,0,1,2,0.375,8.9,0,2,0,0.262,2
양홍석,25-26,4-3-2026,0,Changwon LG Sakers,Suwon KT Sonicboom,W,Bench,C,10.55,0,0,4,0,0,3,0,0,0,0,0,1,1,0,0,0,1,0,0,0.2,0,1,0,0.474,3
양홍석,25-26,3/31/2026,0,Changwon LG Sakers,Anyang KGC,L,Starter,C,25.15,5,1,6,0.167,1,2,0.5,2,2,1,1,5,6,1,0,1,0,2,0.363372093,16.7,0,4,0,0.274,2
양홍석,25-26,3/29/2026,1,Changwon LG Sakers,Seoul SK,W,Starter,SF,26.18,17,5,12,0.417,3,8,0.375,4,4,1,1,5,6,1,0,0,0,2,0.617732558,25.7,2,4,0.5,0.526,3
양홍석,25-26,3/26/2026,0,Changwon LG Sakers,Korea Gas Corporation,W,Bench,C,21.80,12,3,4,0.75,1,1,1,5,6,0.833,1,4,5,2,1,1,4,1,0.903614458,23,2,3,0.667,0.488,11
양홍석,25-26,3/15/2026,0,Changwon LG Sakers,Wonju Dongbu Promy,W,Starter,SF,21.48,2,1,6,0.167,0,3,0,0,0,0,2,3,5,2,1,0,1,2,0.166666667,13,1,3,0.333,0.326,2
양홍석,25-26,3/13/2026,1,Changwon LG Sakers,Seoul Samsung Thunders,W,Starter,SF,25.93,11,4,8,0.5,0,4,0,3,3,1,3,3,6,1,1,0,2,0,0.590128755,20.7,4,4,1,0.437,2
양홍석,25-26,3-11-2026,1,Changwon LG Sakers,Goyang Sono Skygunners,L,Starter,SF,27.93,12,4,10,0.4,3,9,0.333,1,5,0.2,3,6,9,2,0,1,2,2,0.491803279,26.8,1,1,1,0.508,3
양홍석,25-26,3-8-2026,1,Changwon LG Sakers,Seoul SK,L,Bench,C,19.28,5,1,5,0.2,1,5,0.2,2,4,0.5,0,2,2,2,0,1,3,2,0.369822485,10.4,0,0,,0.506,2
양홍석,25-26,3-6-2026,1,Changwon LG Sakers,Ulsan Mobis Phoebus,W,Bench,C,15.73,3,1,5,0.2,1,4,0.25,0,0,0,0,1,1,2,0,0,0,1,0.3,7.2,0,1,0,0.318,16
양홍석,25-26,2/18/2026,0,Changwon LG Sakers,Jeonju KCC Egis,W,Starter,C,22.07,18,7,11,0.636,4,5,0.8,0,0,0,0,5,5,1,0,0,2,1,0.818181818,23.5,3,6,0.5,0.589,2
양홍석,25-26,2/16/2026,1,Changwon LG Sakers,Goyang Sono Skygunners,L,Starter,SF,23.80,4,2,6,0.333,0,3,0,0,0,0,0,1,1,3,0,0,0,1,0.333333333,9.7,2,3,0.667,0.252,2
양홍석,25-26,2/14/2026,1,Changwon LG Sakers,Wonju Dongbu Promy,W,Bench,C,12.70,7,3,5,0.6,1,3,0.333,0,0,0,0,2,2,2,0,0,0,2,0.7,12.4,2,2,1,0.394,30
양홍석,25-26,1/15/2026,0,Changwon LG Sakers,Seoul SK,L,Bench,C,15.18,2,1,6,0.167,0,4,0,0,0,0,1,3,4,1,3,0,2,0,0.166666667,15.3,1,2,0.5,0.527,3
양홍석,25-26,1-12-2026,0,Changwon LG Sakers,Korea Gas Corporation,L,Starter,PF,24.17,8,3,10,0.3,0,4,0,2,2,1,5,7,12,1,0,1,1,4,0.367647059,25.9,3,6,0.5,0.492,2
양홍석,25-26,1-10-2026,1,Changwon LG Sakers,Goyang Sono Skygunners,W,Starter,C,32.45,15,7,14,0.5,1,7,0.143,0,1,0,2,4,6,5,1,0,2,1,0.519390582,30.7,6,7,0.857,0.507,3
양홍석,25-26,1-7-2026,1,Changwon LG Sakers,Seoul Samsung Thunders,W,Bench,C,9.72,0,0,4,0,0,3,0,0,0,0,0,0,0,1,0,0,1,0,0,0.5,0,1,0,0.514,3
양홍석,25-26,1-4-2026,0,Changwon LG Sakers,Suwon KT Sonicboom,L,Bench,C,21.10,5,2,9,0.222,1,6,0.167,0,0,0,2,4,6,1,1,0,0,3,0.277777778,16.7,1,3,0.333,0.427,2
양홍석,25-26,1-2-2026,0,Changwon LG Sakers,Seoul Samsung Thunders,W,Bench,C,14.95,11,3,9,0.333,1,5,0.2,4,5,0.8,1,0,1,3,0,0,1,1,0.491071429,15.7,2,4,0.5,0.816,2
양홍석,25-26,12/31/2025,0,Changwon LG Sakers,Ulsan Mobis Phoebus,W,Bench,C,20.52,13,3,11,0.273,2,5,0.4,5,6,0.833,2,3,5,2,0,2,0,1,0.476539589,28,1,6,0.167,0.665,3
양홍석,25-26,12/28/2025,1,Changwon LG Sakers,Anyang KGC,L,Starter,PF,25.95,7,2,10,0.2,0,5,0,3,5,0.6,2,7,9,4,0,0,3,1,0.286885246,20.8,2,5,0.4,0.586,2
양홍석,25-26,12/26/2025,0,Changwon LG Sakers,Jeonju KCC Egis,W,Bench,C,4.05,0,0,1,0,0,0,0,0,0,0,0,2,2,0,0,0,3,0,0,-0.6,0,1,0,0.988,3
양홍석,25-26,12/23/2025,1,Changwon LG Sakers,Korea Gas Corporation,W,Starter,SF,28.32,6,2,8,0.25,0,4,0,2,3,0.667,0,6,6,0,1,0,1,1,0.321888412,15.2,2,4,0.5,0.364,2
양홍석,25-26,12/21/2025,1,Changwon LG Sakers,Wonju Dongbu Promy,W,Bench,C,13.72,0,0,7,0,0,4,0,0,0,0,3,1,4,1,1,0,0,0,0,9.3,0,3,0,0.51,7
양홍석,25-26,12/14/2025,0,Changwon LG Sakers,Goyang Sono Skygunners,W,Starter,SF,31.67,15,6,10,0.6,0,4,0,3,5,0.6,2,1,3,2,0,1,4,1,0.614754098,20.6,6,6,1,0.512,1
양홍석,25-26,12/13/2025,0,Changwon LG Sakers,Seoul SK,L,Starter,SF,28.07,12,5,14,0.357,0,6,0,2,2,1,6,0,6,3,0,0,2,3,0.403225806,21.7,5,8,0.625,0.601,6
양홍석,25-26,12-7-2025,1,Changwon LG Sakers,Suwon KT Sonicboom,W,Starter,C,28.70,21,9,17,0.529,3,8,0.375,0,1,0,1,3,4,4,1,0,6,0,0.60206422,28.8,6,9,0.667,0.817,1
양홍석,25-26,12-6-2025,1,Changwon LG Sakers,Ulsan Mobis Phoebus,W,Starter,SF,24.05,9,4,6,0.667,1,2,0.5,0,1,0,0,4,4,5,0,0,5,2,0.698757764,16.3,3,4,0.75,0.476,2
양홍석,25-26,12-4-2025,1,Changwon LG Sakers,Korea Gas Corporation,L,Bench,C,16.03,3,1,8,0.125,1,3,0.333,0,0,0,0,5,5,3,1,0,0,1,0.1875,16.5,0,5,0,0.499,
양홍석,23-24,3/31/2024,0,Changwon LG Sakers,Seoul Samsung Thunders,W,Starter,C,24.80,9,4,11,0.364,1,4,0.25,0,0,0,0,0,0,2,1,0,1,4,0.409090909,14,3,7,0.429,0.484,3
양홍석,23-24,3/28/2024,0,Changwon LG Sakers,Seoul SK,L,Starter,C,29.55,19,7,13,0.538,4,9,0.444,1,1,1,0,8,8,2,2,0,1,3,0.706845238,36.6,3,4,0.75,0.489,4
양홍석,23-24,3/24/2024,0,Changwon LG Sakers,Ulsan Mobis Phoebus,W,Starter,SF,33.37,9,4,8,0.5,1,3,0.333,0,2,0,0,1,1,1,0,0,1,2,0.506756757,10.7,3,5,0.6,0.296,2
양홍석,23-24,3/22/2024,0,Changwon LG Sakers,Jeonju KCC Egis,W,Starter,C,18.92,11,4,8,0.5,3,4,0.75,0,0,0,2,1,3,3,0,0,3,4,0.6875,16.1,1,4,0.25,0.581,3
양홍석,23-24,3/19/2024,1,Changwon LG Sakers,Anyang KGC,W,Bench,C,16.70,13,4,7,0.571,3,5,0.6,2,2,1,4,4,8,2,0,0,1,1,0.824873096,24.6,1,2,0.5,0.532,2
양홍석,23-24,3/17/2024,1,Changwon LG Sakers,Wonju Dongbu Promy,W,Starter,C,17.58,2,1,6,0.167,0,0,0,0,0,0,1,3,4,1,3,0,1,0,0.166666667,16.3,1,6,0.167,0.398,2
양홍석,23-24,3/15/2024,0,Changwon LG Sakers,Goyang Sono Skygunners,W,Starter,C,23.20,12,5,7,0.714,0,0,0,2,3,0.667,4,4,8,4,0,0,3,1,0.721153846,24.6,5,7,0.714,0.488,4
양홍석,23-24,3-11-2024,1,Changwon LG Sakers,Suwon KT Sonicboom,W,Starter,C,36.17,17,8,16,0.5,1,7,0.143,0,0,0,4,3,7,2,1,0,1,2,0.53125,30.4,7,9,0.778,0.47,4
양홍석,23-24,3-7-2024,1,Changwon LG Sakers,Korea Gas Corporation,W,Starter,C,27.42,12,6,14,0.429,0,6,0,0,0,0,2,5,7,6,1,2,1,2,0.428571429,37.4,6,8,0.75,0.547,4
양홍석,23-24,3-3-2024,0,Changwon LG Sakers,Suwon KT Sonicboom,W,Bench,C,28.33,20,7,19,0.368,3,9,0.333,3,5,0.6,4,4,8,2,2,0,2,3,0.471698113,36.6,4,10,0.4,0.819,2
양홍석,23-24,3-1-2024,1,Changwon LG Sakers,Anyang KGC,W,Bench,C,10.72,6,2,4,0.5,0,2,0,2,4,0.5,0,2,2,1,0,0,2,1,0.520833333,7.9,2,2,1,0.724,15
양홍석,23-24,2/15/2024,0,Changwon LG Sakers,Seoul SK,W,Starter,PF,33.38,12,5,12,0.417,2,7,0.286,0,0,0,0,6,6,7,1,0,2,4,0.5,30.7,3,5,0.6,0.419,3
양홍석,23-24,2-12-2024,1,Changwon LG Sakers,Ulsan Mobis Phoebus,L,Starter,C,31.80,17,7,16,0.438,0,3,0,3,3,1,4,3,7,5,1,0,0,4,0.490762125,35.9,7,13,0.538,0.545,2
양홍석,23-24,2-10-2024,0,Changwon LG Sakers,Korea Gas Corporation,W,Starter,C,34.75,11,3,7,0.429,1,4,0.25,4,4,1,2,8,10,6,3,0,2,4,0.627853881,39,2,3,0.667,0.31,2
양홍석,23-24,2-8-2024,0,Changwon LG Sakers,Jeonju KCC Egis,L,Bench,C,25.77,5,2,6,0.333,0,4,0,1,1,1,2,2,4,1,0,0,1,1,0.388198758,10.3,2,2,1,0.289,2
양홍석,23-24,2-6-2024,1,Changwon LG Sakers,Wonju Dongbu Promy,L,Starter,PF,20.53,10,4,7,0.571,0,1,0,2,2,1,0,0,0,1,0,0,3,0,0.634517766,8.5,4,6,0.667,0.53,3
양홍석,23-24,2-3-2024,1,Changwon LG Sakers,Seoul Samsung Thunders,L,Starter,PF,32.33,15,5,9,0.556,2,6,0.333,3,3,1,0,4,4,7,0,1,3,4,0.726744186,30.3,3,3,1,0.412,2
양홍석,23-24,2-1-2024,0,Changwon LG Sakers,Goyang Sono Skygunners,W,Starter,C,35.10,16,6,12,0.5,3,5,0.6,1,2,0.5,2,0,2,3,1,0,3,3,0.621118012,22.9,3,7,0.429,0.452,2
양홍석,23-24,1/30/2024,0,Changwon LG Sakers,Goyang Sono Skygunners,W,Starter,C,34.62,19,9,12,0.75,1,2,0.5,0,0,0,2,2,4,5,1,0,1,3,0.791666667,33.3,8,10,0.8,0.376,2
양홍석,23-24,1/28/2024,0,Changwon LG Sakers,Suwon KT Sonicboom,W,Starter,C,32.43,12,5,10,0.5,1,4,0.25,1,3,0.333,3,3,6,3,0,0,1,3,0.530035336,22.7,4,6,0.667,0.38,2
양홍석,23-24,1/26/2024,1,Changwon LG Sakers,Seoul Samsung Thunders,W,Starter,C,35.38,28,10,15,0.667,4,5,0.8,4,4,1,0,4,4,2,0,0,1,3,0.835322196,34.8,6,10,0.6,0.502,5
양홍석,23-24,1/21/2024,0,Changwon LG Sakers,Wonju Dongbu Promy,L,Starter,C,33.15,17,7,15,0.467,3,5,0.6,0,0,0,3,1,4,2,0,1,0,2,0.566666667,27.8,4,10,0.4,0.452,2
양홍석,23-24,1/19/2024,1,Changwon LG Sakers,Jeonju KCC Egis,W,Starter,C,32.20,20,8,14,0.571,2,5,0.4,2,2,1,1,4,5,3,1,0,1,3,0.672043011,32.5,6,9,0.667,0.493,10
양홍석,23-24,1-9-2024,1,Changwon LG Sakers,Seoul SK,L,Bench,C,14.87,7,3,6,0.5,1,2,0.5,0,0,0,0,0,0,2,0,0,2,2,0.583333333,8,2,4,0.5,0.538,2
양홍석,23-24,1-7-2024,1,Changwon LG Sakers,Ulsan Mobis Phoebus,W,Bench,C,5.85,2,1,1,1,0,0,0,0,0,0,1,0,1,1,0,0,1,1,1,3.7,1,1,1,0.342,1
양홍석,23-24,1-6-2024,1,Changwon LG Sakers,Korea Gas Corporation,L,Starter,SF,32.63,11,4,11,0.364,1,4,0.25,2,4,0.5,3,4,7,4,0,0,2,4,0.431034483,23.4,3,7,0.429,0.452,4
양홍석,23-24,1-2-2024,0,Changwon LG Sakers,Anyang KGC,L,Bench,C,31.55,21,9,15,0.6,3,6,0.5,0,3,0,2,2,4,2,0,0,1,3,0.643382353,27.8,6,9,0.667,0.549,2
양홍석,23-24,12/31/2023,1,Changwon LG Sakers,Goyang Sono Skygunners,W,Bench,C,22.10,10,3,7,0.429,1,2,0.5,3,4,0.75,4,4,8,2,1,0,0,0,0.570776256,25.6,2,5,0.4,0.396,2
양홍석,23-24,12/29/2023,0,Changwon LG Sakers,Wonju Dongbu Promy,L,Starter,C,27.13,12,6,15,0.4,0,7,0,0,0,0,4,4,8,1,0,0,1,1,0.4,22.1,6,8,0.75,0.59,3
양홍석,23-24,12/26/2023,1,Changwon LG Sakers,Anyang KGC,W,Starter,C,28.62,9,4,10,0.4,0,6,0,1,1,1,2,3,5,4,0,0,2,3,0.431034483,19,4,4,1,0.435,2
양홍석,23-24,12/24/2023,0,Changwon LG Sakers,Jeonju KCC Egis,L,Starter,C,37.03,16,5,13,0.385,4,7,0.571,2,2,1,1,6,7,1,0,0,1,5,0.576368876,24.9,1,6,0.167,0.402,1
양홍석,23-24,12/23/2023,1,Changwon LG Sakers,Seoul SK,L,Starter,C,32.63,9,3,11,0.273,0,6,0,3,4,0.75,0,8,8,5,1,0,4,2,0.352664577,25.1,3,5,0.6,0.514,6
양홍석,23-24,12/17/2023,1,Changwon LG Sakers,Seoul Samsung Thunders,W,Starter,SF,26.58,26,10,20,0.5,3,6,0.5,3,4,0.75,2,7,9,7,2,1,1,2,0.597426471,55.3,7,14,0.5,0.856,1
양홍석,23-24,12/16/2023,0,Changwon LG Sakers,Korea Gas Corporation,L,Starter,SF,26.42,7,3,9,0.333,1,4,0.25,0,0,0,0,7,7,1,1,0,1,1,0.388888889,18.9,2,5,0.4,0.379,5
양홍석,23-24,12-11-2023,0,Changwon LG Sakers,Ulsan Mobis Phoebus,W,Starter,C,26.10,19,7,14,0.5,3,6,0.5,2,3,0.667,3,6,9,3,2,0,1,4,0.620104439,39.3,4,8,0.5,0.625,2
양홍석,23-24,12-9-2023,1,Changwon LG Sakers,Suwon KT Sonicboom,W,Starter,C,27.28,10,4,12,0.333,1,6,0.167,1,2,0.5,1,5,6,0,1,0,0,2,0.388198758,20.2,3,6,0.5,0.472,2
양홍석,23-24,12-7-2023,1,Changwon LG Sakers,Jeonju KCC Egis,W,Starter,PF,34.72,22,8,13,0.615,3,4,0.75,3,3,1,2,5,7,2,1,0,2,3,0.768156425,34.4,5,9,0.556,0.47,2
양홍석,23-24,12-5-2023,0,Changwon LG Sakers,Seoul Samsung Thunders,W,Starter,C,28.93,22,10,14,0.714,1,3,0.333,1,3,0.333,3,5,8,3,1,1,1,2,0.718015666,41.1,9,11,0.818,0.564,3
양홍석,23-24,12-2-2023,0,Changwon LG Sakers,Wonju Dongbu Promy,W,Starter,C,37.22,15,6,14,0.429,2,7,0.286,1,1,1,2,2,4,5,1,0,3,4,0.519390582,27.3,4,7,0.571,0.469,2
양홍석,23-24,11/30/2023,0,Changwon LG Sakers,Seoul SK,W,Starter,C,31.05,9,2,11,0.182,2,6,0.333,3,5,0.6,5,5,10,4,0,2,1,3,0.340909091,32,0,5,0,0.457,2
양홍석,23-24,11/28/2023,0,Changwon LG Sakers,Suwon KT Sonicboom,L,Starter,C,37.13,19,5,12,0.417,5,10,0.5,4,4,1,4,1,5,5,1,0,2,2,0.690406977,33.5,0,2,0,0.424,3
양홍석,23-24,11/25/2023,1,Changwon LG Sakers,Goyang Sono Skygunners,W,Starter,C,25.52,19,8,12,0.667,2,4,0.5,1,1,1,3,7,10,5,0,0,1,2,0.763665595,37.5,6,8,0.75,0.527,2
양홍석,23-24,11/23/2023,1,Changwon LG Sakers,Ulsan Mobis Phoebus,W,Starter,C,21.68,6,3,10,0.3,0,3,0,0,0,0,3,2,5,5,2,0,3,3,0.3,22.5,3,7,0.429,0.6,4
양홍석,23-24,11/19/2023,1,Changwon LG Sakers,Korea Gas Corporation,W,Starter,C,35.58,12,5,13,0.385,2,8,0.25,0,0,0,1,4,5,2,2,0,2,2,0.461538462,25,3,5,0.6,0.422,2
양홍석,23-24,11/17/2023,0,Changwon LG Sakers,Anyang KGC,W,Starter,C,24.87,19,7,12,0.583,3,7,0.429,2,2,1,0,5,5,6,0,1,1,2,0.73757764,36,4,5,0.8,0.558,5
양홍석,23-24,11-12-2023,0,Changwon LG Sakers,Anyang KGC,L,Bench,C,22.62,3,1,8,0.125,1,5,0.2,0,0,0,0,1,1,2,1,0,0,2,0.1875,10.2,0,3,0,0.354,2
양홍석,23-24,11-10-2023,1,Changwon LG Sakers,Jeonju KCC Egis,W,Bench,C,22.37,10,3,8,0.375,2,4,0.5,2,3,0.667,0,4,4,3,1,1,0,5,0.536480687,25.3,1,4,0.25,0.417,6
양홍석,23-24,11-4-2023,1,Changwon LG Sakers,Seoul SK,W,Bench,C,20.60,10,4,10,0.4,2,4,0.5,0,0,0,1,4,5,1,0,0,0,2,0.5,17.5,2,6,0.333,0.485,2
양홍석,23-24,11-2-2023,1,Changwon LG Sakers,Goyang Sono Skygunners,W,Bench,C,21.05,12,4,9,0.444,2,3,0.667,2,2,1,2,5,7,2,0,0,1,0,0.607287449,22.4,2,6,0.333,0.517,4
양홍석,23-24,10/29/2023,0,Changwon LG Sakers,Seoul Samsung Thunders,W,Bench,C,28.58,12,5,11,0.455,1,5,0.2,1,2,0.5,1,2,3,2,0,0,2,3,0.505050505,16.6,4,6,0.667,0.486,1
양홍석,23-24,10/28/2023,0,Changwon LG Sakers,Korea Gas Corporation,W,Bench,C,23.52,15,5,11,0.455,4,8,0.5,1,2,0.5,1,1,2,3,1,0,3,4,0.631313131,21.9,1,3,0.333,0.633,2
양홍석,23-24,10/26/2023,1,Changwon LG Sakers,Wonju Dongbu Promy,L,Bench,C,22.82,9,3,9,0.333,1,4,0.25,2,2,1,2,2,4,4,0,0,0,1,0.455465587,19.8,2,5,0.4,0.433,3
양홍석,23-24,10/23/2023,0,Changwon LG Sakers,Ulsan Mobis Phoebus,L,Starter,C,28.58,7,2,10,0.2,2,5,0.4,1,4,0.25,3,2,5,1,0,0,1,1,0.297619048,13.5,0,5,0,0.446,2
양홍석,23-24,10/21/2023,1,Changwon LG Sakers,Suwon KT Sonicboom,L,Starter,C,36.18,6,3,11,0.273,0,5,0,0,0,0,4,1,5,1,3,0,2,4,0.272727273,20.5,3,6,0.5,0.359,
허일영,25-26,3/29/2026,1,Changwon LG Sakers,Seoul SK,W,Bench,PF,3.63,0,0,1,0,0,1,0,0,0,0,0,0,0,0,0,1,0,0,0,3,0,0,,0.275,14
허일영,25-26,3/15/2026,0,Changwon LG Sakers,Wonju Dongbu Promy,W,Bench,PF,4.80,0,0,0,0,0,0,0,0,0,0,0,0,0,0,1,0,0,2,,3,0,0,,0,2
허일영,25-26,3/13/2026,1,Changwon LG Sakers,Seoul Samsung Thunders,W,Bench,PF,2.83,0,0,1,0,0,0,0,0,0,0,0,1,1,0,0,0,0,0,0,1.2,0,1,0,0.353,2
허일영,25-26,3-11-2026,1,Changwon LG Sakers,Goyang Sono Skygunners,L,Bench,PF,7.88,0,0,3,0,0,2,0,0,0,0,0,0,0,0,0,0,0,0,0,0,0,1,0,0.381,3
허일영,25-26,3-8-2026,1,Changwon LG Sakers,Seoul SK,L,Bench,PF,6.78,5,2,2,1,1,1,1,0,0,0,0,0,0,1,0,0,0,0,1.25,6.5,1,1,1,0.295,18
허일영,25-26,2/18/2026,0,Changwon LG Sakers,Jeonju KCC Egis,W,Bench,PF,18.15,4,1,5,0.2,0,2,0,2,2,1,2,1,3,0,1,0,0,2,0.340136054,10.6,1,3,0.333,0.324,2
허일영,25-26,2/16/2026,1,Changwon LG Sakers,Goyang Sono Skygunners,L,Bench,PF,12.75,0,0,0,0,0,0,0,0,0,0,1,0,1,0,1,0,0,1,,4.2,0,0,,0,2
허일영,25-26,2/14/2026,1,Changwon LG Sakers,Wonju Dongbu Promy,W,Bench,PF,11.33,2,1,2,0.5,0,0,0,0,0,0,1,0,1,0,0,0,0,0,0.5,3.2,1,2,0.5,0.177,4
허일영,25-26,2-10-2026,0,Changwon LG Sakers,Korea Gas Corporation,L,Starter,PF,19.97,3,1,4,0.25,1,4,0.25,0,0,0,0,0,0,1,0,1,0,0,0.375,7.5,0,0,,0.2,2
허일영,25-26,2-8-2026,0,Changwon LG Sakers,Anyang KGC,W,Starter,PF,22.08,15,6,11,0.545,3,6,0.5,0,0,0,1,1,2,0,0,0,0,3,0.681818182,17.4,3,5,0.6,0.498,3
허일영,25-26,2-5-2026,0,Changwon LG Sakers,Seoul Samsung Thunders,W,Bench,PF,14.85,9,3,4,0.75,3,3,1,0,0,0,1,2,3,0,0,0,1,1,1.125,11.6,0,1,0,0.337,2
허일영,25-26,2-3-2026,1,Changwon LG Sakers,Suwon KT Sonicboom,W,Starter,PF,21.75,9,3,10,0.3,3,4,0.75,0,0,0,2,2,4,0,2,0,0,2,0.45,19.8,0,6,0,0.46,3
허일영,25-26,1/31/2026,1,Changwon LG Sakers,Ulsan Mobis Phoebus,W,Bench,PF,5.92,0,0,0,0,0,0,0,0,0,0,1,0,1,0,1,0,0,0,,4.2,0,0,,0,3
허일영,25-26,1/28/2026,1,Changwon LG Sakers,Wonju Dongbu Promy,L,Starter,SF,30.32,6,2,4,0.5,1,3,0.333,1,1,1,1,2,3,1,1,0,0,3,0.675675676,14.1,1,1,1,0.146,3
허일영,25-26,1/25/2026,1,Changwon LG Sakers,Anyang KGC,W,Starter,PF,21.62,7,3,4,0.75,1,1,1,0,0,0,2,1,3,2,0,0,0,5,0.875,13.6,2,3,0.667,0.185,2
허일영,25-26,1/23/2026,0,Changwon LG Sakers,Jeonju KCC Egis,W,Starter,PF,28.45,21,9,14,0.643,1,5,0.2,2,2,1,4,3,7,1,1,1,0,2,0.705645161,36.9,8,9,0.889,0.523,8
허일영,25-26,1/15/2026,0,Changwon LG Sakers,Seoul SK,L,Bench,PF,18.93,3,1,7,0.143,1,5,0.2,0,0,0,0,4,4,1,0,0,1,0,0.214285714,8.3,0,2,0,0.423,3
허일영,25-26,1-12-2026,0,Changwon LG Sakers,Korea Gas Corporation,L,Bench,PF,12.13,6,2,4,0.5,1,2,0.5,1,1,1,0,4,4,1,0,0,0,1,0.675675676,12.3,1,2,0.5,0.366,2
허일영,25-26,1-10-2026,1,Changwon LG Sakers,Goyang Sono Skygunners,W,Bench,PF,5.00,2,1,2,0.5,0,0,0,0,0,0,0,2,2,0,1,0,0,0,0.5,7.4,1,2,0.5,0.4,3
허일영,25-26,1-7-2026,1,Changwon LG Sakers,Seoul Samsung Thunders,W,Bench,PF,2.63,0,0,0,0,0,0,0,0,0,0,0,0,0,0,0,0,0,0,,0,0,0,,0,5
허일영,25-26,1-2-2026,0,Changwon LG Sakers,Seoul Samsung Thunders,W,Bench,PF,9.03,0,0,1,0,0,1,0,0,0,0,0,0,0,0,1,0,0,0,0,3,0,0,,0.111,2
허일영,25-26,12/31/2025,0,Changwon LG Sakers,Ulsan Mobis Phoebus,W,Bench,PF,4.30,0,0,1,0,0,1,0,0,0,0,0,0,0,0,0,0,0,2,0,0,0,0,,0.233,3
허일영,25-26,12/28/2025,1,Changwon LG Sakers,Anyang KGC,L,Bench,PF,12.58,3,1,3,0.333,1,2,0.5,0,0,0,1,0,1,0,0,0,0,0,0.5,4.2,0,1,0,0.238,2
허일영,25-26,12/26/2025,0,Changwon LG Sakers,Jeonju KCC Egis,W,Bench,PF,7.22,2,0,2,0,0,2,0,2,2,1,0,1,1,0,0,0,0,1,0.347222222,3.2,0,0,,0.399,5
허일영,25-26,12/21/2025,1,Changwon LG Sakers,Wonju Dongbu Promy,W,Bench,PF,1.30,0,0,1,0,0,1,0,0,0,0,0,0,0,0,0,0,0,0,0,0,0,0,,0.769,15
허일영,25-26,12-6-2025,1,Changwon LG Sakers,Ulsan Mobis Phoebus,W,Bench,PF,12.50,3,1,3,0.333,0,2,0,1,2,0.5,0,2,2,0,2,0,0,2,0.386597938,11.4,1,1,1,0.31,2
허일영,25-26,12-4-2025,1,Changwon LG Sakers,Korea Gas Corporation,L,Bench,PF,6.05,0,0,0,0,0,0,0,0,0,0,0,0,0,0,0,0,0,0,,0,0,0,,0,18
허일영,25-26,11/16/2025,0,Changwon LG Sakers,Anyang KGC,W,Bench,PF,6.98,0,0,1,0,0,1,0,0,0,0,0,0,0,0,0,0,0,0,0,0,0,0,,0.143,1
허일영,25-26,11/15/2025,0,Changwon LG Sakers,Suwon KT Sonicboom,W,Starter,SF,28.72,10,3,7,0.429,2,6,0.333,2,3,0.667,1,2,3,0,0,0,1,1,0.600961538,12.6,1,1,1,0.325,5
허일영,25-26,11-10-2025,1,Changwon LG Sakers,Jeonju KCC Egis,W,Bench,PF,9.85,0,0,1,0,0,0,0,0,0,0,0,1,1,0,1,0,1,1,0,3.2,0,1,0,0.203,2
허일영,25-26,11-8-2025,0,Changwon LG Sakers,Wonju Dongbu Promy,L,Bench,PF,17.03,4,2,5,0.4,0,2,0,0,0,0,0,4,4,1,0,0,1,1,0.4,9.3,2,3,0.667,0.352,6
허일영,25-26,11-2-2025,0,Changwon LG Sakers,Seoul SK,W,Bench,PF,9.97,0,0,2,0,0,2,0,0,0,0,0,2,2,0,0,0,0,1,0,2.4,0,0,,0.201,1
허일영,25-26,11-1-2025,0,Changwon LG Sakers,Goyang Sono Skygunners,L,Starter,PF,20.63,10,4,7,0.571,2,4,0.5,0,0,0,2,0,2,1,2,0,2,2,0.714285714,17.9,2,3,0.667,0.436,5
허일영,25-26,10/27/2025,1,Changwon LG Sakers,Jeonju KCC Egis,W,Bench,PF,5.55,0,0,1,0,0,1,0,0,0,0,1,0,1,0,0,0,0,2,0,1.2,0,0,,0.18,2
허일영,25-26,10/25/2025,0,Changwon LG Sakers,Ulsan Mobis Phoebus,W,Bench,PF,6.33,4,1,2,0.5,1,2,0.5,1,2,0.5,0,0,0,0,1,0,0,1,0.694444444,7,0,0,,0.455,5
허일영,25-26,10/20/2025,1,Changwon LG Sakers,Korea Gas Corporation,W,Bench,PF,18.00,6,3,4,0.75,0,0,0,0,0,0,0,3,3,0,0,0,0,2,0.75,9.6,3,4,0.75,0.222,2
허일영,25-26,10/18/2025,1,Changwon LG Sakers,Seoul Samsung Thunders,W,Bench,PF,12.47,5,2,4,0.5,1,3,0.333,0,0,0,1,1,2,0,1,0,0,1,0.625,10.4,1,1,1,0.321,3
허일영,25-26,10/15/2025,1,Changwon LG Sakers,Anyang KGC,L,Bench,PF,12.78,2,1,5,0.2,0,1,0,0,0,0,1,3,4,0,1,0,0,1,0.2,9.8,1,4,0.25,0.391,3
허일영,25-26,10-12-2025,1,Changwon LG Sakers,Suwon KT Sonicboom,W,Bench,PF,12.53,2,0,3,0,0,3,0,2,2,1,0,1,1,0,0,2,1,2,0.257731959,8.2,0,0,,0.389,2
허일영,25-26,10-10-2025,0,Changwon LG Sakers,Goyang Sono Skygunners,W,Bench,PF,3.73,6,2,4,0.5,1,3,0.333,1,2,0.5,1,0,1,0,0,0,1,1,0.614754098,6.2,1,1,1,1.576,5
허일영,25-26,10-5-2025,0,Changwon LG Sakers,Wonju Dongbu Promy,W,Bench,PF,4.85,0,0,1,0,0,1,0,0,0,0,0,0,0,0,0,0,0,1,0,0,0,0,,0.206,2
허일영,25-26,10-3-2025,1,Changwon LG Sakers,Seoul SK,L,Starter,PF,22.57,6,2,8,0.25,0,4,0,2,2,1,1,4,5,0,1,1,0,4,0.337837838,18,2,4,0.5,0.393,
허일영,24-25,4-8-2025,1,Changwon LG Sakers,Goyang Sono Skygunners,L,Starter,SG,25.60,28,11,14,0.786,4,6,0.667,2,2,1,2,1,3,0,0,1,0,0,0.940860215,34.6,7,8,0.875,0.581,5
허일영,24-25,4-3-2025,1,Changwon LG Sakers,Anyang KGC,W,Bench,SF,12.77,0,0,2,0,0,2,0,0,0,0,0,2,2,0,0,0,0,2,0,2.4,0,0,,0.157,4
허일영,24-25,3/30/2025,0,Changwon LG Sakers,Jeonju KCC Egis,W,Bench,SF,16.65,5,2,6,0.333,1,4,0.25,0,0,0,1,2,3,0,0,0,0,3,0.416666667,8.6,1,2,0.5,0.36,2
허일영,24-25,3/28/2025,0,Changwon LG Sakers,Seoul SK,L,Bench,SF,10.88,3,1,5,0.2,1,3,0.333,0,0,0,0,1,1,0,0,0,0,2,0.3,4.2,0,2,0,0.46,2
허일영,24-25,3/26/2025,0,Changwon LG Sakers,Seoul Samsung Thunders,W,Bench,SF,19.08,3,1,4,0.25,1,3,0.333,0,0,0,3,3,6,0,0,0,0,1,0.375,10.2,0,1,0,0.21,3
허일영,24-25,3/23/2025,1,Changwon LG Sakers,Korea Gas Corporation,W,Bench,SF,15.08,10,3,6,0.5,3,4,0.75,1,2,0.5,1,1,2,0,0,0,0,1,0.726744186,12.4,0,2,0,0.456,1
허일영,24-25,3/22/2025,1,Changwon LG Sakers,Suwon KT Sonicboom,L,Bench,SF,13.43,0,0,1,0,0,1,0,0,0,0,1,1,2,0,1,0,0,3,0,5.4,0,0,,0.074,2
허일영,24-25,3/20/2025,1,Changwon LG Sakers,Wonju Dongbu Promy,W,Bench,SF,10.28,0,0,4,0,0,2,0,0,0,0,1,0,1,0,0,0,0,3,0,1.2,0,2,0,0.389,4
허일영,24-25,3/16/2025,0,Changwon LG Sakers,Suwon KT Sonicboom,L,Starter,PF,22.03,7,3,6,0.5,1,3,0.333,0,2,0,2,4,6,1,0,0,0,4,0.50872093,15.7,2,3,0.667,0.312,2
허일영,24-25,3/14/2025,1,Changwon LG Sakers,Ulsan Mobis Phoebus,W,Bench,SF,8.70,0,0,2,0,0,1,0,0,0,0,0,0,0,0,0,0,0,1,0,0,0,1,0,0.23,5
허일영,24-25,3-9-2025,1,Changwon LG Sakers,Goyang Sono Skygunners,W,Bench,SF,17.15,5,2,7,0.286,1,4,0.25,0,0,0,0,2,2,1,0,0,0,2,0.357142857,8.9,1,3,0.333,0.408,2
허일영,24-25,3-7-2025,0,Changwon LG Sakers,Korea Gas Corporation,W,Bench,SF,8.37,0,0,0,0,0,0,0,0,0,0,0,2,2,0,0,0,1,0,,1.4,0,0,,0.119,4
허일영,24-25,3-3-2025,0,Changwon LG Sakers,Wonju Dongbu Promy,L,Bench,SF,19.48,0,0,5,0,0,4,0,0,0,0,0,2,2,1,1,0,0,3,0,6.9,0,1,0,0.257,2
허일영,24-25,3-1-2025,1,Changwon LG Sakers,Anyang KGC,L,Starter,PF,24.43,10,3,6,0.5,1,3,0.333,3,5,0.6,4,1,5,0,0,0,0,3,0.609756098,16,2,3,0.667,0.336,2
허일영,24-25,2/27/2025,1,Changwon LG Sakers,Seoul Samsung Thunders,W,Starter,PF,22.55,12,5,10,0.5,2,6,0.333,0,0,0,3,5,8,1,0,0,2,2,0.6,21.1,3,4,0.75,0.532,15
허일영,24-25,2-12-2025,0,Changwon LG Sakers,Seoul SK,W,Starter,PF,22.67,8,2,7,0.286,0,5,0,4,4,1,1,3,4,0,0,0,2,4,0.456621005,10.8,2,2,1,0.475,4
허일영,24-25,2-8-2025,0,Changwon LG Sakers,Jeonju KCC Egis,W,Bench,SF,17.32,9,3,6,0.5,3,5,0.6,0,0,0,0,2,2,0,0,0,0,4,0.75,11.4,0,1,0,0.346,2
허일영,24-25,2-6-2025,1,Changwon LG Sakers,Jeonju KCC Egis,W,Bench,SF,6.88,0,0,1,0,0,1,0,0,0,0,0,0,0,0,0,0,0,2,0,0,0,0,,0.145,3
허일영,24-25,2-3-2025,0,Changwon LG Sakers,Seoul SK,L,Bench,SF,6.65,3,1,3,0.333,1,2,0.5,0,0,0,0,0,0,0,0,0,0,2,0.5,3,0,1,0,0.451,2
허일영,24-25,2-1-2025,0,Changwon LG Sakers,Wonju Dongbu Promy,W,Starter,SF,25.93,9,2,9,0.222,2,7,0.286,3,4,0.75,3,2,5,1,2,1,0,1,0.418215613,25.5,0,2,0,0.415,2
허일영,24-25,1/30/2025,1,Changwon LG Sakers,Korea Gas Corporation,W,Bench,SF,19.12,4,1,4,0.25,1,2,0.5,1,1,1,2,2,4,0,2,0,2,1,0.45045045,12.8,0,2,0,0.337,5
허일영,24-25,1/25/2025,0,Changwon LG Sakers,Ulsan Mobis Phoebus,W,Bench,SF,13.05,7,2,2,1,1,1,1,2,2,1,0,0,0,1,0,0,2,1,1.215277778,6.5,1,1,1,0.374,2
허일영,24-25,1/23/2025,0,Changwon LG Sakers,Goyang Sono Skygunners,W,Bench,SF,7.97,0,0,1,0,0,0,0,0,0,0,0,2,2,0,0,0,0,2,0,2.4,0,1,0,0.125,8
허일영,24-25,1/15/2025,1,Changwon LG Sakers,Seoul Samsung Thunders,W,Bench,SF,17.63,2,1,6,0.167,0,4,0,0,0,0,0,3,3,0,1,0,0,3,0.166666667,8.6,1,2,0.5,0.34,2
허일영,24-25,1/13/2025,0,Changwon LG Sakers,Suwon KT Sonicboom,W,Starter,SF,21.08,12,4,5,0.8,4,5,0.8,0,0,0,1,1,2,0,0,1,0,3,1.2,17.4,0,0,,0.237,2
허일영,24-25,1-11-2025,0,Changwon LG Sakers,Anyang KGC,W,Bench,SF,10.37,3,1,3,0.333,1,2,0.5,0,0,0,0,0,0,0,2,0,0,2,0.5,9,0,1,0,0.289,2
허일영,24-25,1-9-2025,0,Changwon LG Sakers,Seoul Samsung Thunders,L,Bench,SF,16.57,9,3,4,0.75,3,4,0.75,0,0,0,1,0,1,1,0,0,1,2,1.125,10.7,0,0,,0.302,4
허일영,24-25,1-5-2025,0,Changwon LG Sakers,Goyang Sono Skygunners,W,Bench,SF,12.98,7,2,6,0.333,1,2,0.5,2,2,1,1,2,3,0,0,0,0,2,0.50872093,10.6,1,4,0.25,0.53,1
허일영,24-25,1-4-2025,0,Changwon LG Sakers,Ulsan Mobis Phoebus,L,Bench,SF,16.43,5,1,4,0.25,0,1,0,3,3,1,0,0,0,1,1,0,0,4,0.469924812,9.5,1,3,0.333,0.324,3
허일영,24-25,1-1-2025,1,Changwon LG Sakers,Seoul SK,L,Starter,PF,24.85,11,5,9,0.556,1,5,0.2,0,2,0,2,2,4,0,1,1,0,3,0.556680162,21.8,4,4,1,0.398,3
허일영,24-25,12/29/2024,1,Changwon LG Sakers,Wonju Dongbu Promy,W,Starter,PF,26.07,10,4,8,0.5,2,5,0.4,0,0,0,2,1,3,0,2,0,0,3,0.625,19.6,2,3,0.667,0.307,1
허일영,24-25,12/28/2024,1,Changwon LG Sakers,Suwon KT Sonicboom,W,Bench,SF,12.27,2,1,2,0.5,0,0,0,0,0,0,0,1,1,1,1,0,0,0,0.5,7.7,1,2,0.5,0.163,2
허일영,24-25,12/26/2024,0,Changwon LG Sakers,Korea Gas Corporation,W,Bench,SF,9.27,0,0,2,0,0,1,0,0,0,0,0,2,2,0,0,0,1,2,0,1.4,0,1,0,0.324,4
허일영,24-25,12/22/2024,0,Changwon LG Sakers,Anyang KGC,W,Bench,SF,7.08,4,2,4,0.5,0,1,0,0,0,0,0,0,0,0,0,0,0,1,0.5,4,2,3,0.667,0.565,2
허일영,24-25,12/20/2024,1,Changwon LG Sakers,Jeonju KCC Egis,W,Bench,SF,3.60,0,0,0,0,0,0,0,0,0,0,0,0,0,0,0,0,0,1,,0,0,0,,0,3
허일영,24-25,12/17/2024,1,Changwon LG Sakers,Seoul Samsung Thunders,W,Bench,SF,20.00,10,4,8,0.5,2,6,0.333,0,0,0,0,1,1,1,1,0,1,3,0.625,14.7,2,2,1,0.45,2
허일영,24-25,12/15/2024,0,Changwon LG Sakers,Jeonju KCC Egis,W,Bench,SF,11.43,0,0,1,0,0,1,0,0,0,0,0,0,0,0,0,0,0,3,0,0,0,0,,0.087,6
허일영,24-25,12-9-2024,0,Changwon LG Sakers,Korea Gas Corporation,L,Bench,SF,11.70,6,2,8,0.25,2,7,0.286,0,0,0,0,1,1,1,0,0,0,2,0.375,8.7,0,1,0,0.684,2
허일영,24-25,12-7-2024,1,Changwon LG Sakers,Wonju Dongbu Promy,W,Bench,SF,15.92,2,1,3,0.333,0,1,0,0,0,0,0,2,2,1,1,0,1,2,0.333333333,7.9,1,2,0.5,0.251,2
허일영,24-25,12-5-2024,0,Changwon LG Sakers,Ulsan Mobis Phoebus,L,Bench,SF,5.72,1,0,0,0,0,0,0,1,2,0.5,0,1,1,0,0,0,0,0,0.568181818,2.2,0,0,,0.154,5
허일영,24-25,11/30/2024,0,Changwon LG Sakers,Goyang Sono Skygunners,W,Starter,SF,21.10,6,3,5,0.6,0,1,0,0,0,0,1,2,3,0,0,0,0,2,0.6,9.6,3,4,0.75,0.237,3
허일영,24-25,11/27/2024,0,Changwon LG Sakers,Seoul SK,L,Bench,SF,6.53,3,1,2,0.5,1,2,0.5,0,0,0,1,0,1,1,0,0,0,1,0.75,5.7,0,0,,0.306,13
허일영,24-25,11/14/2024,1,Changwon LG Sakers,Suwon KT Sonicboom,L,Starter,SF,18.22,5,2,6,0.333,0,2,0,1,2,0.5,4,0,4,0,1,0,0,3,0.363372093,12.8,2,4,0.5,0.378,4
허일영,24-25,11-10-2024,1,Changwon LG Sakers,Wonju Dongbu Promy,L,Bench,SF,10.88,0,0,3,0,0,1,0,0,0,0,1,0,1,0,2,0,2,1,0,5.2,0,2,0,0.46,1
허일영,24-25,11-9-2024,0,Changwon LG Sakers,Suwon KT Sonicboom,L,Bench,SF,15.37,6,2,4,0.5,0,2,0,2,2,1,3,4,7,1,0,0,0,0,0.614754098,15.9,2,2,1,0.318,2
허일영,24-25,11-7-2024,1,Changwon LG Sakers,Seoul Samsung Thunders,L,Bench,SF,19.57,5,2,7,0.286,1,3,0.333,0,0,0,2,0,2,0,0,0,0,3,0.357142857,7.4,1,4,0.25,0.358,4
허일영,24-25,11-3-2024,1,Changwon LG Sakers,Ulsan Mobis Phoebus,L,Bench,SF,6.65,5,2,3,0.667,1,1,1,0,0,0,0,2,2,0,0,0,0,1,0.833333333,7.4,1,2,0.5,0.451,2
허일영,24-25,11-1-2024,1,Changwon LG Sakers,Seoul SK,L,Bench,SF,11.10,0,0,1,0,0,1,0,0,0,0,0,2,2,0,0,0,0,0,0,2.4,0,0,,0.09,6
허일영,24-25,10/26/2024,0,Changwon LG Sakers,Goyang Sono Skygunners,L,Bench,SF,22.08,10,4,7,0.571,2,5,0.4,0,0,0,0,4,4,0,0,0,0,2,0.714285714,14.8,2,2,1,0.317,2
허일영,24-25,10/24/2024,1,Changwon LG Sakers,Anyang KGC,W,Bench,SF,16.40,13,5,7,0.714,3,5,0.6,0,0,0,3,0,3,0,1,0,1,3,0.928571429,18.6,2,2,1,0.488,3
허일영,24-25,10/21/2024,1,Changwon LG Sakers,Jeonju KCC Egis,W,Bench,SF,4.30,0,0,2,0,0,2,0,0,0,0,0,1,1,0,0,0,0,0,0,1.2,0,0,,0.465,2
허일영,24-25,10/19/2024,1,Changwon LG Sakers,Korea Gas Corporation,W,Bench,SF,6.75,0,0,0,0,0,0,0,0,0,0,0,0,0,0,0,0,0,1,,0,0,0,,0,
최형찬,25-26,4-8-2026,0,Changwon LG Sakers,Ulsan Mobis Phoebus,L,Starter,PG,22.53,3,1,5,0.2,1,2,0.5,0,0,0,1,2,3,1,1,0,1,0,0.3,10.1,0,3,0,0.266,3
최형찬,25-26,4-5-2026,1,Changwon LG Sakers,Jeonju KCC Egis,L,Bench,PG,8.27,0,0,2,0,0,1,0,0,0,0,0,1,1,0,1,0,0,2,0,4.2,0,1,0,0.242,2
최형찬,25-26,4-3-2026,0,Changwon LG Sakers,Suwon KT Sonicboom,W,Bench,PG,9.13,0,0,1,0,0,0,0,0,0,0,1,0,1,1,0,0,0,3,0,2.7,0,1,0,0.11,3
최형찬,25-26,3/31/2026,0,Changwon LG Sakers,Anyang KGC,L,Bench,PG,16.00,5,2,3,0.667,1,2,0.5,0,0,0,0,2,2,0,0,0,0,3,0.833333333,7.4,1,1,1,0.188,2
최형찬,25-26,3/29/2026,1,Changwon LG Sakers,Seoul SK,W,Bench,PG,8.77,2,1,2,0.5,0,1,0,0,0,0,0,1,1,0,1,0,0,2,0.5,6.2,1,1,1,0.228,3
최형찬,25-26,3/26/2026,0,Changwon LG Sakers,Korea Gas Corporation,W,Bench,PG,5.03,0,0,1,0,0,1,0,0,0,0,0,0,0,1,0,0,1,1,0,0.5,0,0,,0.398,11
최형찬,25-26,3/15/2026,0,Changwon LG Sakers,Wonju Dongbu Promy,W,Bench,PG,7.42,0,0,2,0,0,2,0,0,0,0,0,1,1,0,0,0,0,2,0,1.2,0,0,,0.27,2
최형찬,25-26,3/13/2026,1,Changwon LG Sakers,Seoul Samsung Thunders,W,Bench,PG,9.58,5,2,2,1,1,1,1,0,0,0,0,2,2,1,1,0,0,3,1.25,11.9,1,1,1,0.209,2
최형찬,25-26,3-11-2026,1,Changwon LG Sakers,Goyang Sono Skygunners,L,Bench,PG,6.78,3,1,1,1,1,1,1,0,0,0,0,0,0,0,1,0,0,1,1.5,6,0,0,,0.147,3
최형찬,25-26,3-8-2026,1,Changwon LG Sakers,Seoul SK,L,Bench,PG,10.20,6,2,2,1,1,1,1,1,2,0.5,0,3,3,0,1,0,0,2,1.041666667,12.6,1,1,1,0.282,2
최형찬,25-26,3-6-2026,1,Changwon LG Sakers,Ulsan Mobis Phoebus,W,Bench,PG,10.57,3,1,1,1,1,1,1,0,0,0,0,1,1,0,0,0,0,3,1.5,4.2,0,0,,0.095,16
최형찬,25-26,2/18/2026,0,Changwon LG Sakers,Jeonju KCC Egis,W,Bench,PG,11.92,0,0,4,0,0,4,0,0,0,0,0,1,1,0,0,0,0,3,0,1.2,0,0,,0.336,2
최형찬,25-26,2/16/2026,1,Changwon LG Sakers,Goyang Sono Skygunners,L,Bench,PG,13.53,5,2,3,0.667,1,2,0.5,0,0,0,0,1,1,2,0,0,2,2,0.833333333,7.2,1,1,1,0.37,2
최형찬,25-26,2/14/2026,1,Changwon LG Sakers,Wonju Dongbu Promy,W,Bench,PG,15.02,0,0,2,0,0,2,0,0,0,0,1,0,1,1,0,1,0,3,0,5.7,0,0,,0.133,4
최형찬,25-26,2-10-2026,0,Changwon LG Sakers,Korea Gas Corporation,L,Bench,PG,8.43,3,1,3,0.333,1,3,0.333,0,0,0,0,1,1,0,0,0,1,2,0.5,3.2,0,0,,0.474,2
최형찬,25-26,2-8-2026,0,Changwon LG Sakers,Anyang KGC,W,Bench,PG,11.22,3,1,1,1,1,1,1,0,0,0,0,1,1,2,0,0,1,3,1.5,6.2,0,0,,0.178,3
최형찬,25-26,2-5-2026,0,Changwon LG Sakers,Seoul Samsung Thunders,W,Bench,PG,17.95,3,0,2,0,0,1,0,3,3,1,0,0,0,2,0,1,0,3,0.451807229,9,0,1,0,0.185,2
최형찬,25-26,2-3-2026,1,Changwon LG Sakers,Suwon KT Sonicboom,W,Bench,PG,9.62,4,2,2,1,0,0,0,0,0,0,0,0,0,1,0,0,0,1,1,5.5,2,2,1,0.208,3
최형찬,25-26,1/31/2026,1,Changwon LG Sakers,Ulsan Mobis Phoebus,W,Bench,PG,8.88,0,0,2,0,0,2,0,0,0,0,0,1,1,0,0,0,0,2,0,1.2,0,0,,0.225,3
최형찬,25-26,1/28/2026,1,Changwon LG Sakers,Wonju Dongbu Promy,L,Bench,PG,9.92,6,2,4,0.5,2,4,0.5,0,0,0,0,1,1,0,1,0,0,3,0.75,10.2,0,0,,0.403,3
최형찬,25-26,1/25/2026,1,Changwon LG Sakers,Anyang KGC,W,Bench,PG,10.73,4,1,3,0.333,1,3,0.333,1,2,0.5,0,3,3,0,0,0,1,0,0.515463918,6.6,0,0,,0.455,2
최형찬,25-26,1/23/2026,0,Changwon LG Sakers,Jeonju KCC Egis,W,Bench,PG,11.15,2,1,2,0.5,0,1,0,0,0,0,0,1,1,1,1,0,0,1,0.5,7.7,1,1,1,0.179,8
최형찬,25-26,1/15/2026,0,Changwon LG Sakers,Seoul SK,L,Bench,PG,15.85,9,3,5,0.6,3,5,0.6,0,0,0,2,1,3,1,1,0,1,0,0.9,16.1,0,0,,0.379,3
최형찬,25-26,1-12-2026,0,Changwon LG Sakers,Korea Gas Corporation,L,Bench,PG,7.03,0,0,1,0,0,1,0,0,0,0,2,1,3,0,0,0,1,1,0,2.6,0,0,,0.284,2
최형찬,25-26,1-10-2026,1,Changwon LG Sakers,Goyang Sono Skygunners,W,Bench,PG,12.50,0,0,0,0,0,0,0,0,0,0,0,1,1,0,0,0,1,2,,0.2,0,0,,0.08,3
최형찬,25-26,1-7-2026,1,Changwon LG Sakers,Seoul Samsung Thunders,W,Starter,SG,24.70,6,2,3,0.667,2,2,1,0,0,0,1,4,5,0,0,0,0,1,1,12,0,1,0,0.121,3
최형찬,25-26,1-4-2026,0,Changwon LG Sakers,Suwon KT Sonicboom,L,Bench,PG,6.17,3,1,2,0.5,1,2,0.5,0,0,0,0,0,0,0,0,0,1,1,0.75,2,0,0,,0.486,2
최형찬,25-26,1-2-2026,0,Changwon LG Sakers,Seoul Samsung Thunders,W,Bench,PG,10.05,3,1,1,1,1,1,1,0,0,0,1,1,2,0,0,0,0,3,1.5,5.4,0,0,,0.1,2
최형찬,25-26,12/31/2025,0,Changwon LG Sakers,Ulsan Mobis Phoebus,W,Bench,PG,4.00,0,0,1,0,0,1,0,0,0,0,1,0,1,0,0,0,0,0,0,1.2,0,0,,0.25,3
최형찬,25-26,12/28/2025,1,Changwon LG Sakers,Anyang KGC,L,Starter,PG,21.27,0,0,5,0,0,4,0,0,0,0,0,2,2,0,2,0,0,3,0,8.4,0,1,0,0.235,2
최형찬,25-26,12/26/2025,0,Changwon LG Sakers,Jeonju KCC Egis,W,Bench,PG,7.57,0,0,2,0,0,1,0,0,0,0,0,0,0,0,0,0,0,4,0,0,0,1,0,0.264,3
최형찬,25-26,12/23/2025,1,Changwon LG Sakers,Korea Gas Corporation,W,Bench,PG,17.05,0,0,1,0,0,0,0,0,0,0,0,0,0,0,2,0,0,4,0,6,0,1,0,0.059,2
최형찬,25-26,12/21/2025,1,Changwon LG Sakers,Wonju Dongbu Promy,W,Bench,PG,2.45,0,0,0,0,0,0,0,0,0,0,0,0,0,0,0,0,0,1,,0,0,0,,0,7
최형찬,25-26,12/14/2025,0,Changwon LG Sakers,Goyang Sono Skygunners,W,Bench,PG,6.35,3,1,2,0.5,1,1,1,0,0,0,0,0,0,1,0,0,0,0,0.75,4.5,0,1,0,0.315,1
최형찬,25-26,12/13/2025,0,Changwon LG Sakers,Seoul SK,L,Starter,PG,19.20,0,0,4,0,0,2,0,0,0,0,1,1,2,0,0,0,0,4,0,2.4,0,2,0,0.208,6
최형찬,25-26,12-7-2025,1,Changwon LG Sakers,Suwon KT Sonicboom,W,Bench,PG,11.98,0,0,2,0,0,2,0,0,0,0,0,5,5,2,1,0,0,2,0,12,0,0,,0.167,1
최형찬,25-26,12-6-2025,1,Changwon LG Sakers,Ulsan Mobis Phoebus,W,Bench,PG,13.17,4,1,1,1,1,1,1,1,2,0.5,0,1,1,0,0,0,0,2,1.063829787,5.2,0,0,,0.143,2
최형찬,25-26,12-4-2025,1,Changwon LG Sakers,Korea Gas Corporation,L,Bench,PG,14.05,2,1,2,0.5,0,0,0,0,0,0,0,2,2,0,1,0,0,0,0.5,7.4,1,2,0.5,0.142,18
최형찬,25-26,11/16/2025,0,Changwon LG Sakers,Anyang KGC,W,Starter,SG,34.98,17,7,14,0.5,3,6,0.5,0,0,0,1,4,5,1,2,1,0,2,0.607142857,33.5,4,8,0.5,0.4,1
최형찬,25-26,11/15/2025,0,Changwon LG Sakers,Suwon KT Sonicboom,W,Bench,PG,18.70,0,0,4,0,0,2,0,0,0,0,1,1,2,1,0,1,1,4,0,5.9,0,2,0,0.267,3
최형찬,25-26,11-12-2025,0,Changwon LG Sakers,Seoul Samsung Thunders,W,Starter,SG,32.12,9,3,8,0.375,3,8,0.375,0,0,0,1,2,3,2,1,0,0,4,0.5625,18.6,0,0,,0.249,2
최형찬,25-26,11-10-2025,1,Changwon LG Sakers,Jeonju KCC Egis,W,Starter,SG,24.50,12,5,9,0.556,2,5,0.4,0,0,0,0,4,4,3,0,1,1,4,0.666666667,23.3,3,4,0.75,0.408,2
최형찬,25-26,11-8-2025,0,Changwon LG Sakers,Wonju Dongbu Promy,L,Starter,SG,24.10,0,0,3,0,0,3,0,0,0,0,0,1,1,0,2,0,0,4,0,7.2,0,0,,0.124,6
최형찬,25-26,11-2-2025,0,Changwon LG Sakers,Seoul SK,W,Bench,PG,8.27,3,1,2,0.5,1,2,0.5,0,0,0,0,0,0,0,0,0,0,4,0.75,3,0,0,,0.242,1
최형찬,25-26,11-1-2025,0,Changwon LG Sakers,Goyang Sono Skygunners,L,Starter,PG,19.32,3,1,2,0.5,1,1,1,0,0,0,2,2,4,3,2,0,1,2,0.75,17.3,0,1,0,0.155,5
최형찬,25-26,10/27/2025,1,Changwon LG Sakers,Jeonju KCC Egis,W,Starter,SF,23.38,11,4,4,1,3,3,1,0,0,0,0,2,2,1,0,0,0,3,1.375,14.9,1,1,1,0.171,2
최형찬,25-26,10/25/2025,0,Changwon LG Sakers,Ulsan Mobis Phoebus,W,Bench,PG,5.92,2,1,2,0.5,0,0,0,0,0,0,0,0,0,0,0,0,0,2,0.5,2,1,2,0.5,0.338,5
최형찬,25-26,10/20/2025,1,Changwon LG Sakers,Korea Gas Corporation,W,Starter,SG,18.37,6,2,6,0.333,2,5,0.4,0,0,0,0,1,1,1,1,0,0,3,0.5,11.7,0,1,0,0.327,2
최형찬,25-26,10/18/2025,1,Changwon LG Sakers,Seoul Samsung Thunders,W,Bench,PG,8.97,2,1,2,0.5,0,1,0,0,0,0,0,0,0,0,2,0,0,4,0.5,8,1,1,1,0.223,3
최형찬,25-26,10/15/2025,1,Changwon LG Sakers,Anyang KGC,L,Bench,PG,15.90,11,4,6,0.667,3,4,0.75,0,0,0,0,1,1,2,1,0,0,3,0.916666667,18.2,1,2,0.5,0.377,3
최형찬,25-26,10-12-2025,1,Changwon LG Sakers,Suwon KT Sonicboom,W,Bench,PG,6.83,5,2,3,0.667,1,2,0.5,0,0,0,0,1,1,0,0,0,2,1,0.833333333,4.2,1,1,1,0.732,2
최형찬,25-26,10-10-2025,0,Changwon LG Sakers,Goyang Sono Skygunners,W,Bench,PG,5.77,0,0,1,0,0,1,0,0,0,0,0,0,0,0,0,0,1,2,0,-1,0,0,,0.347,5
최형찬,25-26,10-5-2025,0,Changwon LG Sakers,Wonju Dongbu Promy,W,Bench,PG,7.18,0,0,1,0,0,1,0,0,0,0,0,0,0,1,0,0,0,2,0,1.5,0,0,,0.139,2
최형찬,25-26,10-3-2025,1,Changwon LG Sakers,Seoul SK,L,Bench,PF,6.45,2,0,1,0,0,1,0,2,2,1,0,0,0,0,0,0,0,0,0.531914894,2,0,0,,0.291,
최형찬,24-25,4-8-2025,0,Changwon LG Sakers,Goyang Sono Skygunners,L,Starter,C,26.90,12,4,9,0.444,4,5,0.8,0,0,0,0,0,0,1,2,0,0,2,0.666666667,19.5,0,4,0,0.335,3
최형찬,24-25,4-5-2025,0,Changwon LG Sakers,Ulsan Mobis Phoebus,W,Bench,PF,8.53,0,0,0,0,0,0,0,0,0,0,1,0,1,0,0,0,0,3,,1.2,0,0,,0,2
최형찬,24-25,4-3-2025,1,Changwon LG Sakers,Anyang KGC,W,Bench,PF,17.40,0,0,2,0,0,2,0,0,0,0,2,0,2,2,0,0,0,4,0,5.4,0,0,,0.115,4
최형찬,24-25,3/30/2025,0,Changwon LG Sakers,Jeonju KCC Egis,W,Bench,PF,10.00,8,3,5,0.6,2,2,1,0,0,0,0,1,1,0,1,0,0,1,0.8,12.2,1,3,0.333,0.5,2
최형찬,24-25,3/28/2025,0,Changwon LG Sakers,Seoul SK,L,Bench,PF,2.25,2,1,1,1,0,0,0,0,0,0,0,0,0,0,0,0,0,0,1,2,1,1,1,0.444,2
최형찬,24-25,3/26/2025,0,Changwon LG Sakers,Seoul Samsung Thunders,W,Bench,PF,10.72,0,0,5,0,0,3,0,0,0,0,0,1,1,1,2,0,1,3,0,7.7,0,2,0,0.56,3
최형찬,24-25,3/23/2025,1,Changwon LG Sakers,Korea Gas Corporation,W,Bench,PF,9.00,0,0,1,0,0,1,0,0,0,0,0,0,0,0,0,0,0,3,0,0,0,0,,0.111,1
최형찬,24-25,3/22/2025,1,Changwon LG Sakers,Suwon KT Sonicboom,L,Bench,PF,2.52,0,0,1,0,0,1,0,0,0,0,0,0,0,0,0,0,0,1,0,0,0,0,,0.397,2
최형찬,24-25,3/20/2025,1,Changwon LG Sakers,Wonju Dongbu Promy,W,Bench,PF,2.13,0,0,0,0,0,0,0,0,0,0,0,0,0,0,0,0,0,0,,0,0,0,,0,4
최형찬,24-25,3/16/2025,0,Changwon LG Sakers,Suwon KT Sonicboom,L,Bench,PF,9.42,3,1,4,0.25,1,3,0.333,0,0,0,1,0,1,0,0,0,0,4,0.375,4.2,0,1,0,0.425,2
최형찬,24-25,3/14/2025,1,Changwon LG Sakers,Ulsan Mobis Phoebus,W,Bench,PF,0.33,0,0,0,0,0,0,0,0,0,0,0,0,0,0,0,0,0,0,,0,0,0,,0,5
최형찬,24-25,3-9-2025,1,Changwon LG Sakers,Goyang Sono Skygunners,W,Bench,PF,6.55,6,2,3,0.667,2,3,0.667,0,0,0,0,0,0,0,0,0,1,4,1,5,0,0,,0.611,6
최형찬,24-25,3-3-2025,0,Changwon LG Sakers,Wonju Dongbu Promy,L,Bench,PF,2.00,0,0,0,0,0,0,0,0,0,0,0,0,0,0,0,0,0,1,,0,0,0,,0,2
최형찬,24-25,3-1-2025,1,Changwon LG Sakers,Anyang KGC,L,Bench,PF,7.00,0,0,3,0,0,3,0,0,0,0,0,0,0,0,0,0,0,1,0,0,0,0,,0.429,2
최형찬,24-25,2/27/2025,1,Changwon LG Sakers,Seoul Samsung Thunders,W,Bench,PF,11.20,3,1,3,0.333,1,1,1,0,0,0,0,0,0,0,0,0,0,2,0.5,3,0,2,0,0.268,19
최형찬,24-25,2-8-2025,0,Changwon LG Sakers,Jeonju KCC Egis,W,Bench,PF,7.32,2,0,1,0,0,1,0,2,2,1,0,1,1,0,0,0,1,3,0.531914894,2.2,0,0,,0.393,2
최형찬,24-25,2-6-2025,1,Changwon LG Sakers,Jeonju KCC Egis,W,Bench,PF,9.03,0,0,1,0,0,0,0,0,0,0,0,1,1,0,0,0,1,1,0,0.2,0,1,0,0.221,3
최형찬,24-25,2-3-2025,0,Changwon LG Sakers,Seoul SK,L,Bench,PF,2.88,0,0,1,0,0,1,0,0,0,0,0,0,0,0,0,0,0,1,0,0,0,0,,0.347,2
최형찬,24-25,2-1-2025,0,Changwon LG Sakers,Wonju Dongbu Promy,W,Starter,PF,23.95,2,1,4,0.25,0,2,0,0,0,0,1,3,4,1,1,0,0,4,0.25,11.3,1,2,0.5,0.167,2
최형찬,24-25,1/30/2025,1,Changwon LG Sakers,Korea Gas Corporation,W,Bench,PF,16.80,2,1,1,1,0,0,0,0,0,0,0,2,2,0,0,0,0,3,1,4.4,1,1,1,0.06,5
최형찬,24-25,1/25/2025,1,Changwon LG Sakers,Ulsan Mobis Phoebus,W,Bench,PF,16.12,2,1,1,1,0,0,0,0,0,0,0,1,1,1,2,0,0,3,1,10.7,1,1,1,0.062,2
최형찬,24-25,1/23/2025,1,Changwon LG Sakers,Goyang Sono Skygunners,W,Bench,PF,9.72,3,1,2,0.5,1,2,0.5,0,0,0,0,2,2,0,0,0,0,1,0.75,5.4,0,0,,0.206,19
최형찬,24-25,1-4-2025,0,Changwon LG Sakers,Ulsan Mobis Phoebus,L,Bench,PF,5.88,0,0,1,0,0,1,0,0,0,0,0,1,1,0,0,0,0,1,0,1.2,0,0,,0.17,6
최형찬,24-25,12/29/2024,1,Changwon LG Sakers,Wonju Dongbu Promy,W,Bench,PF,6.75,2,0,3,0,0,2,0,2,2,1,0,0,0,0,0,0,0,1,0.257731959,2,0,1,0,0.575,20
최형찬,24-25,12-9-2024,0,Changwon LG Sakers,Korea Gas Corporation,L,Bench,PF,9.87,0,0,2,0,0,2,0,0,0,0,1,0,1,0,0,0,0,0,0,1.2,0,0,,0.203,
